date,statement_id,true_hawk,ai_promptA,ai_promptB,ai_promptC,yield_change
2014-01-02,DOC_0000,-0.8212,-0.4701,-1.0988,-0.5707,-8.16
2014-01-06,DOC_0001,0.7173,0.7417,0.4294,0.4716,3.33
2014-01-08,DOC_0002,1.0,1.1983,0.8834,0.9794,2.46
2014-01-10,DOC_0003,0.6739,0.6718,0.6759,0.8383,3.6
2014-01-14,DOC_0004,0.3844,0.4456,0.3914,0.3527,-2.97
2014-01-16,DOC_0005,0.8258,0.6788,0.972,0.5625,2.9
2014-01-20,DOC_0006,-0.491,-0.1064,-0.8071,-0.1473,-2.61
2014-01-22,DOC_0007,-1.0,-0.4711,-1.3449,-1.0078,-7.01
2014-01-24,DOC_0008,-1.0,-0.4805,-1.1849,-0.9673,-3.06
2014-01-28,DOC_0009,-0.7463,-0.4662,-0.9874,-0.656,-6.75
2014-01-30,DOC_0010,-0.1076,-0.1409,-0.3304,-0.1097,-1.55
2014-02-03,DOC_0011,-0.1951,-0.1258,-0.7763,-0.2391,0.05
2014-02-05,DOC_0012,0.2978,0.4847,0.0763,0.2753,-0.67
2014-02-07,DOC_0013,0.575,0.8381,0.6653,0.5772,-2.09
2014-02-11,DOC_0014,0.4004,0.2197,0.0589,0.5206,-2.2
2014-02-13,DOC_0015,0.5351,0.5205,0.7708,0.3237,3.65
2014-02-17,DOC_0016,0.4243,0.4917,0.3999,0.3862,3.78
2014-02-19,DOC_0017,-0.0522,0.1815,0.0863,0.049,2.1
2014-02-21,DOC_0018,-0.5283,0.0437,-0.8715,-0.143,-5.45
2014-02-25,DOC_0019,-0.6367,-0.2958,-0.989,-0.2759,-1.66
2014-02-27,DOC_0020,-0.0413,0.182,-0.2088,0.0501,-2.17
2014-03-03,DOC_0021,-0.3137,-0.0892,-0.6927,-0.4299,-0.52
2014-03-05,DOC_0022,-0.1091,-0.2891,-0.3939,0.0218,8.51
2014-03-07,DOC_0023,-0.2964,-0.2767,-0.5389,-0.1083,0.82
2014-03-11,DOC_0024,0.1368,0.3247,-0.0521,0.4225,-6.19
2014-03-13,DOC_0025,0.3543,0.6066,0.2987,0.1437,2.59
2014-03-17,DOC_0026,0.3648,0.425,0.6248,0.4487,1.07
2014-03-19,DOC_0027,0.4809,0.6668,0.5691,0.2455,4.62
2014-03-21,DOC_0028,0.8858,1.2561,0.6689,0.6296,0.93
2014-03-25,DOC_0029,0.7287,0.699,1.0271,1.0406,2.29
2014-03-27,DOC_0030,0.4605,0.7405,0.5554,0.6615,0.5
2014-03-31,DOC_0031,0.8603,1.1784,0.8885,0.7371,5.56
2014-04-02,DOC_0032,0.3346,0.4331,0.1877,0.2385,4.43
2014-04-04,DOC_0033,0.8552,0.804,0.9595,0.4993,8.95
2014-04-08,DOC_0034,0.4869,0.5881,0.309,0.7663,3.32
2014-04-10,DOC_0035,0.8138,1.2257,0.6909,0.5866,1.59
2014-04-14,DOC_0036,-0.0259,0.3665,-0.0807,0.1266,4.52
2014-04-16,DOC_0037,0.1429,0.6397,0.0296,0.1029,-0.71
2014-04-18,DOC_0038,0.0615,0.1853,-0.119,0.0069,0.99
2014-04-22,DOC_0039,-0.043,-0.0058,-0.4486,0.0324,0.34
2014-04-24,DOC_0040,0.4626,0.5927,0.2187,0.0898,3.53
2014-04-28,DOC_0041,-0.8653,-0.4501,-1.0919,-0.9097,-8.25
2014-04-30,DOC_0042,-0.3153,0.2147,-0.1804,-0.0674,-2.26
2014-05-02,DOC_0043,0.0427,0.4191,-0.2536,0.3686,-1.73
2014-05-06,DOC_0044,-0.2457,-0.2249,-0.4038,-0.3468,2.79
2014-05-08,DOC_0045,0.3557,0.5273,0.1454,0.6193,1.71
2014-05-12,DOC_0046,0.0022,0.0363,-0.1629,0.2444,5.38
2014-05-14,DOC_0047,0.0022,0.1212,-0.1357,0.1921,1.45
2014-05-16,DOC_0048,0.5081,0.5748,0.4831,0.2846,0.14
2014-05-20,DOC_0049,0.4932,0.4642,0.4311,0.6739,1.7
2014-05-22,DOC_0050,-0.1129,0.2705,-0.3951,0.2392,1.93
2014-05-26,DOC_0051,0.0401,0.1969,-0.3773,0.1894,-4.64
2014-05-28,DOC_0052,0.247,0.357,0.0128,0.3037,0.86
2014-05-30,DOC_0053,0.17,0.3331,0.0126,0.2512,-0.0
2014-06-03,DOC_0054,-0.0032,-0.0035,0.2609,0.1253,0.18
2014-06-05,DOC_0055,0.1762,0.1973,-0.1353,0.0971,-3.86
2014-06-09,DOC_0056,-0.3883,0.225,-0.3234,-0.1219,-2.84
2014-06-11,DOC_0057,-0.3983,0.0537,-0.5467,0.0946,7.31
2014-06-13,DOC_0058,-0.0855,0.1087,-0.2123,0.116,2.03
2014-06-17,DOC_0059,-0.2518,-0.0039,-0.5536,0.0146,-0.58
2014-06-19,DOC_0060,-0.1123,0.1749,-0.6019,-0.1845,1.51
2014-06-23,DOC_0061,0.8245,1.076,0.9524,0.8002,0.2
2014-06-25,DOC_0062,0.4035,0.6149,-0.0475,0.2403,4.04
2014-06-27,DOC_0063,0.1423,0.0944,0.0035,0.0031,1.87
2014-07-01,DOC_0064,0.4377,0.7018,0.1438,0.6566,0.54
2014-07-03,DOC_0065,-0.3084,0.3789,-0.7547,-0.5983,-0.71
2014-07-07,DOC_0066,-0.2327,0.148,-0.2154,-0.2334,1.1
2014-07-09,DOC_0067,0.123,0.0892,-0.1336,0.3611,-4.53
2014-07-11,DOC_0068,0.2527,0.7537,-0.0174,0.1897,2.18
2014-07-15,DOC_0069,-0.0692,-0.0243,-0.2805,0.2034,-3.93
2014-07-17,DOC_0070,0.3857,0.6781,-0.1797,0.5499,-0.69
2014-07-21,DOC_0071,0.2256,0.5281,0.3185,0.0003,5.14
2014-07-23,DOC_0072,0.5049,0.6559,0.4294,0.589,1.3
2014-07-25,DOC_0073,0.5491,0.5868,0.5254,0.6331,10.07
2014-07-29,DOC_0074,0.3901,0.5306,0.3963,0.1317,0.96
2014-07-31,DOC_0075,0.1683,0.318,0.1211,-0.0791,-3.9
2014-08-04,DOC_0076,0.7415,0.7417,0.5205,0.8233,2.96
2014-08-06,DOC_0077,0.0576,0.2256,-0.1641,-0.0032,0.73
2014-08-08,DOC_0078,-0.31,-0.3531,-0.3446,0.07,2.35
2014-08-12,DOC_0079,0.3977,0.6619,0.1259,0.5684,0.76
2014-08-14,DOC_0080,0.7121,0.9813,0.7069,0.9071,4.77
2014-08-18,DOC_0081,0.4113,0.7376,0.3483,0.7497,-0.27
2014-08-20,DOC_0082,0.2943,0.5653,0.5259,0.498,-0.27
2014-08-22,DOC_0083,-0.446,-0.2,-0.8477,-0.6337,-7.91
2014-08-26,DOC_0084,-0.0362,-0.2473,-0.4517,0.1966,-1.25
2014-08-28,DOC_0085,0.0668,0.6106,-0.0463,-0.2676,-1.75
2014-09-01,DOC_0086,-0.0781,0.1399,-0.2312,0.1096,1.66
2014-09-03,DOC_0087,0.2528,0.4768,0.2864,0.1958,0.18
2014-09-05,DOC_0088,0.0359,0.0764,-0.2825,0.0101,-3.27
2014-09-09,DOC_0089,0.4706,0.8438,0.5251,0.4607,4.93
2014-09-11,DOC_0090,0.7019,0.8686,0.7361,0.7782,3.86
2014-09-15,DOC_0091,0.1446,0.5054,0.3749,0.2031,1.22
2014-09-17,DOC_0092,0.0115,0.0963,-0.189,0.2817,0.45
2014-09-19,DOC_0093,0.5712,0.6897,0.5035,0.6056,5.59
2014-09-23,DOC_0094,0.1963,0.171,0.0033,0.2992,1.66
2014-09-25,DOC_0095,-0.014,0.2689,-0.2982,-0.0735,-3.83
2014-09-29,DOC_0096,0.705,0.7212,0.5004,0.7557,4.12
2014-10-01,DOC_0097,0.7481,0.7213,0.7145,0.7374,4.52
2014-10-03,DOC_0098,1.0,0.6495,0.9264,1.0088,8.65
2014-10-07,DOC_0099,0.2637,0.2591,0.1952,0.3405,5.89
2014-10-09,DOC_0100,0.3985,0.8524,0.2506,0.0426,3.27
2014-10-13,DOC_0101,0.0182,-0.0048,-0.3221,-0.0748,0.05
2014-10-15,DOC_0102,-0.6742,-0.7184,-0.9817,-0.6936,-6.89
2014-10-17,DOC_0103,-0.6557,-0.3939,-0.7423,-0.5838,-3.39
2014-10-21,DOC_0104,-0.6952,-0.6794,-0.8252,-0.6325,1.73
2014-10-23,DOC_0105,-0.315,-0.3437,-0.499,-0.3922,-2.28
2014-10-27,DOC_0106,-0.5375,-0.0331,-0.9341,-0.1342,-3.57
2014-10-29,DOC_0107,0.1753,0.2326,-0.1384,0.1706,3.22
2014-10-31,DOC_0108,0.2186,0.4654,0.2785,-0.0661,-1.87
2014-11-04,DOC_0109,0.3992,0.046,0.3573,0.3687,6.51
2014-11-06,DOC_0110,0.1819,0.4344,0.2468,-0.0883,0.57
2014-11-10,DOC_0111,-0.1335,0.0318,-0.134,-0.6101,2.42
2014-11-12,DOC_0112,0.0264,0.2426,-0.3365,0.2323,7.14
2014-11-14,DOC_0113,-0.1835,0.2297,-0.4272,-0.1365,0.47
2014-11-18,DOC_0114,0.3884,0.5068,0.155,0.2131,8.12
2014-11-20,DOC_0115,-1.0,-0.4055,-1.2383,-0.885,1.4
2014-11-24,DOC_0116,-1.0,-0.7737,-1.5,-0.8617,0.21
2014-11-26,DOC_0117,0.0122,0.209,0.0245,0.1521,4.64
2014-11-28,DOC_0118,0.9578,0.9164,0.9128,0.6319,2.76
2014-12-02,DOC_0119,0.5009,0.7646,0.1662,0.5009,6.93
2014-12-04,DOC_0120,0.7908,0.6684,0.8317,0.4282,4.5
2014-12-08,DOC_0121,0.6471,0.5699,0.5473,0.9306,8.91
2014-12-10,DOC_0122,0.9939,1.0675,1.1608,1.1453,7.06
2014-12-12,DOC_0123,0.8584,1.0332,0.7652,1.1579,3.36
2014-12-16,DOC_0124,0.5046,0.495,-0.032,0.3287,4.47
2014-12-18,DOC_0125,0.0649,0.374,-0.0597,0.0822,8.79
2014-12-22,DOC_0126,-0.9481,-0.7332,-1.353,-0.9219,-4.93
2014-12-24,DOC_0127,-0.4662,-0.0371,-0.8247,-0.243,-0.2
2014-12-26,DOC_0128,-0.2017,0.0694,-0.1788,-0.119,0.43
2014-12-30,DOC_0129,-0.1805,0.098,-0.1471,0.1413,2.74
2015-01-01,DOC_0130,0.1179,0.428,-0.1984,0.3126,4.23
2015-01-05,DOC_0131,-0.3929,0.0627,-0.5911,-0.1572,-4.6
2015-01-07,DOC_0132,-0.0538,0.1195,-0.0334,-0.2219,-2.95
2015-01-09,DOC_0133,0.3374,0.6102,0.1668,0.4542,0.22
2015-01-13,DOC_0134,-0.2848,0.0976,-0.1987,-0.3036,1.93
2015-01-15,DOC_0135,0.2823,0.0225,0.1319,-0.1813,3.24
2015-01-19,DOC_0136,-0.2333,0.2164,-0.401,-0.3224,-1.34
2015-01-21,DOC_0137,-0.4963,0.0609,-0.4265,-0.3925,-3.57
2015-01-23,DOC_0138,0.0105,0.1149,-0.2752,0.0684,1.03
2015-01-27,DOC_0139,0.1905,0.2578,0.1526,-0.1331,5.0
2015-01-29,DOC_0140,0.3915,0.4827,-0.0445,0.2191,-0.63
2015-02-02,DOC_0141,-0.058,0.2259,0.0267,-0.1834,2.51
2015-02-04,DOC_0142,-0.099,-0.005,-0.1754,-0.2396,0.59
2015-02-06,DOC_0143,0.5212,0.7213,0.4119,0.3316,1.29
2015-02-10,DOC_0144,0.6485,0.6616,0.7089,0.6754,-2.85
2015-02-12,DOC_0145,-0.2647,0.1243,-0.5694,0.0347,-2.14
2015-02-16,DOC_0146,0.2339,0.0747,0.3107,0.191,-0.54
2015-02-18,DOC_0147,0.3958,0.3986,0.3275,0.6539,0.1
2015-02-20,DOC_0148,-0.2448,-0.213,-0.257,-0.0587,-6.3
2015-02-24,DOC_0149,0.1532,0.2844,0.1059,0.4728,4.11
2015-02-26,DOC_0150,0.1668,0.4403,-0.376,-0.0245,5.27
2015-03-02,DOC_0151,0.006,0.1237,-0.1211,0.2363,4.04
2015-03-04,DOC_0152,-0.0786,0.0309,-0.2238,-0.1606,-0.98
2015-03-06,DOC_0153,-0.1304,0.2193,-0.255,-0.0221,-1.24
2015-03-10,DOC_0154,-0.1373,0.1719,-0.4174,-0.202,3.5
2015-03-12,DOC_0155,0.1974,0.2911,0.334,0.4807,2.91
2015-03-16,DOC_0156,0.3237,0.3103,0.4666,0.4223,1.24
2015-03-18,DOC_0157,0.1334,0.3695,0.0318,0.4401,-0.29
2015-03-20,DOC_0158,0.1479,0.2607,-0.2715,0.3062,-2.15
2015-03-24,DOC_0159,-1.0,-0.7793,-1.2632,-0.9687,-4.57
2015-03-26,DOC_0160,0.0103,0.0336,-0.25,0.1965,1.41
2015-03-30,DOC_0161,0.1985,-0.0458,0.1349,0.0837,-3.39
2015-04-01,DOC_0162,-0.1278,0.0507,-0.5322,0.3049,2.22
2015-04-03,DOC_0163,0.3265,0.4093,0.3265,0.4013,1.91
2015-04-07,DOC_0164,-0.503,-0.5349,-0.6656,-0.1733,3.17
2015-04-09,DOC_0165,-0.4703,0.0211,-0.5463,-0.2198,-3.45
2015-04-13,DOC_0166,-0.2737,0.2138,-0.5177,-0.1214,-2.88
2015-04-15,DOC_0167,0.1051,0.0435,-0.3453,0.3052,-2.87
2015-04-17,DOC_0168,0.5037,0.5608,0.6566,0.6958,0.55
2015-04-21,DOC_0169,0.5062,0.8287,0.5767,0.3809,-0.94
2015-04-23,DOC_0170,-0.1191,0.1084,-0.1185,-0.1276,1.78
2015-04-27,DOC_0171,-0.3997,-0.083,-0.5784,-0.2892,-1.47
2015-04-29,DOC_0172,-0.2337,0.4398,-0.3194,0.0107,-3.94
2015-05-01,DOC_0173,0.2698,0.4493,-0.0674,0.2673,-0.02
2015-05-05,DOC_0174,0.8688,1.0647,0.6886,0.7466,4.93
2015-05-07,DOC_0175,-0.4282,-0.2611,-0.1541,-0.3642,1.26
2015-05-11,DOC_0176,-0.2853,-0.0265,-0.5779,-0.0582,-1.5
2015-05-13,DOC_0177,-0.3118,-0.1422,-0.5345,-0.6235,-5.89
2015-05-15,DOC_0178,-0.2261,0.1701,-0.2602,-0.3827,1.24
2015-05-19,DOC_0179,-0.2531,0.2158,-0.3417,-0.2032,-0.61
2015-05-21,DOC_0180,-1.0,-0.6924,-1.5,-0.9861,-3.37
2015-05-25,DOC_0181,0.3267,0.4008,-0.0056,0.3425,-3.37
2015-05-27,DOC_0182,1.0,0.9774,0.9253,0.8113,3.94
2015-05-29,DOC_0183,-0.0114,0.1808,-0.2348,0.0086,2.47
2015-06-02,DOC_0184,-0.0878,0.1327,0.1472,0.1528,-1.67
2015-06-04,DOC_0185,-0.3654,0.0539,-0.4894,-0.5041,-2.45
2015-06-08,DOC_0186,-0.0467,0.4041,-0.3062,-0.0218,1.3
2015-06-10,DOC_0187,-0.0767,-0.1158,-0.4054,0.1514,-1.48
2015-06-12,DOC_0188,-0.3033,-0.1283,-0.3198,-0.0853,-7.16
2015-06-16,DOC_0189,-0.6272,-0.192,-1.2044,-0.4275,-3.21
2015-06-18,DOC_0190,-0.4859,-0.0319,-0.855,-0.2777,0.65
2015-06-22,DOC_0191,0.3094,0.4301,0.3103,0.4396,0.38
2015-06-24,DOC_0192,0.6066,0.854,0.7206,0.6759,4.83
2015-06-26,DOC_0193,0.4296,0.5526,0.51,-0.058,2.92
2015-06-30,DOC_0194,-0.285,0.0368,-0.8225,-0.2121,0.63
2015-07-02,DOC_0195,-0.1851,0.3775,-0.3199,-0.3955,-1.83
2015-07-06,DOC_0196,0.1948,0.1745,0.1804,0.5062,0.67
2015-07-08,DOC_0197,0.2735,0.6787,-0.1715,0.1378,1.69
2015-07-10,DOC_0198,0.347,0.6602,0.1212,0.6415,1.99
2015-07-14,DOC_0199,0.3916,0.5237,0.3264,0.5999,2.3
2015-07-16,DOC_0200,-0.8586,-0.8289,-1.4429,-0.6389,-3.76
2015-07-20,DOC_0201,0.707,1.0992,0.917,1.0548,7.3
2015-07-22,DOC_0202,0.0704,0.1895,-0.5452,0.2974,0.76
2015-07-24,DOC_0203,0.496,0.6861,0.7305,0.2089,0.69
2015-07-28,DOC_0204,0.62,0.7765,0.4751,0.3875,-0.22
2015-07-30,DOC_0205,0.6843,0.9039,0.3537,0.8693,2.54
2015-08-03,DOC_0206,0.0295,0.4264,-0.1461,0.359,-1.47
2015-08-05,DOC_0207,0.0515,0.0356,-0.4276,0.1251,1.71
2015-08-07,DOC_0208,-0.2198,0.1414,-0.2224,-0.0615,-1.79
2015-08-11,DOC_0209,0.2111,0.4262,0.2367,0.4428,1.2
2015-08-13,DOC_0210,-0.3275,-0.2229,-0.8525,-0.3535,-2.86
2015-08-17,DOC_0211,-0.0116,-0.3342,0.1437,0.1314,-1.94
2015-08-19,DOC_0212,0.649,0.6526,0.6485,0.5096,3.41
2015-08-21,DOC_0213,0.2533,0.4734,0.0376,0.4437,-0.45
2015-08-25,DOC_0214,0.0424,0.2969,-0.0998,-0.0971,2.34
2015-08-27,DOC_0215,-0.1521,0.2285,-0.4614,0.0592,4.43
2015-08-31,DOC_0216,0.5005,0.7987,0.0441,0.7145,-5.98
2015-09-02,DOC_0217,-0.1626,-0.2635,-0.0868,-0.3107,-3.79
2015-09-04,DOC_0218,0.0316,0.0688,-0.1353,-0.0507,-2.43
2015-09-08,DOC_0219,-0.1527,0.6261,-0.1672,-0.071,-0.57
2015-09-10,DOC_0220,-0.4029,0.01,-0.422,-0.4568,-0.6
2015-09-14,DOC_0221,-0.1435,-0.0153,-0.3202,-0.2381,4.27
2015-09-16,DOC_0222,-0.2007,0.2924,-0.2311,-0.2775,-1.39
2015-09-18,DOC_0223,-0.4191,-0.1638,-0.85,-0.4044,3.58
2015-09-22,DOC_0224,0.3928,0.6442,0.5187,0.2229,2.5
2015-09-24,DOC_0225,0.2759,0.5695,0.4847,0.189,-0.73
2015-09-28,DOC_0226,-0.1587,-0.3154,0.1645,-0.0504,3.04
2015-09-30,DOC_0227,-0.746,-0.3886,-0.9939,-0.6782,-0.7
2015-10-02,DOC_0228,0.2447,0.9459,0.2537,0.6774,0.62
2015-10-06,DOC_0229,0.0295,0.4054,0.3001,0.1799,4.78
2015-10-08,DOC_0230,0.1064,0.2951,-0.0291,0.222,4.3
2015-10-12,DOC_0231,0.2151,0.5955,-0.1052,-0.2477,2.55
2015-10-14,DOC_0232,0.6457,0.7952,0.6027,0.7694,5.02
2015-10-16,DOC_0233,0.8097,0.5245,1.1662,0.3765,-1.06
2015-10-20,DOC_0234,0.3786,0.5128,0.2246,0.0691,4.57
2015-10-22,DOC_0235,0.5056,0.4733,0.4178,0.7139,3.29
2015-10-26,DOC_0236,0.4943,0.6743,0.6625,0.5858,2.69
2015-10-28,DOC_0237,0.3511,0.3934,0.3736,0.2764,2.89
2015-10-30,DOC_0238,-0.056,0.0353,-0.6193,-0.0529,0.87
2015-11-03,DOC_0239,-0.5379,-0.4956,-0.8515,-0.5421,-2.0
2015-11-05,DOC_0240,-0.2974,-0.0664,-0.6898,-0.3384,1.51
2015-11-09,DOC_0241,-0.5637,-0.2333,-1.002,-0.2115,-2.71
2015-11-11,DOC_0242,-0.171,-0.1617,-0.3421,-0.1408,-4.57
2015-11-13,DOC_0243,-0.5822,-0.4171,-0.8448,-0.6352,-1.63
2015-11-17,DOC_0244,0.4559,0.5948,0.5696,0.4497,6.81
2015-11-19,DOC_0245,-0.3491,-0.1886,-0.5524,-0.3297,-5.16
2015-11-23,DOC_0246,0.8228,1.0235,0.549,0.7474,5.22
2015-11-25,DOC_0247,0.859,1.1922,0.7143,0.633,5.0
2015-11-27,DOC_0248,0.904,0.9346,1.0211,0.6588,4.83
2015-12-01,DOC_0249,0.3382,0.5946,0.1427,0.4058,3.58
2015-12-03,DOC_0250,-0.0027,0.1834,-0.2399,-0.0793,1.02
2015-12-07,DOC_0251,-0.0335,-0.0676,-0.1268,-0.1076,-2.79
2015-12-09,DOC_0252,0.2025,0.1846,0.013,0.1003,-0.48
2015-12-11,DOC_0253,-0.1223,0.602,-0.0607,-0.2593,-0.18
2015-12-15,DOC_0254,0.14,0.6018,-0.162,0.487,-3.28
2015-12-17,DOC_0255,0.0707,0.3246,-0.1852,0.1994,1.93
2015-12-21,DOC_0256,-0.111,-0.04,-0.0011,-0.1217,-5.48
2015-12-23,DOC_0257,-0.3259,-0.1789,-0.6426,-0.1239,-1.42
2015-12-25,DOC_0258,-0.6234,-0.1181,-0.6786,-0.5648,-2.34
2015-12-29,DOC_0259,-0.3337,-0.271,-0.3775,-0.1626,2.3
2015-12-31,DOC_0260,0.5076,0.5583,0.611,0.4902,5.13
2016-01-04,DOC_0261,0.1328,0.4002,-0.2873,0.1122,-1.36
2016-01-06,DOC_0262,-0.1494,0.2234,-0.1558,0.1258,-2.96
2016-01-08,DOC_0263,0.777,0.8753,0.942,1.0804,9.48
2016-01-12,DOC_0264,0.7264,0.8423,0.403,0.6258,1.51
2016-01-14,DOC_0265,0.2619,0.4295,0.2203,0.177,1.23
2016-01-18,DOC_0266,0.3176,0.6305,0.1242,0.2946,-0.04
2016-01-20,DOC_0267,1.0,1.2465,1.1117,0.7732,7.44
2016-01-22,DOC_0268,0.8056,0.699,0.6634,0.958,0.91
2016-01-26,DOC_0269,0.4241,0.802,0.0453,0.6369,7.49
2016-01-28,DOC_0270,0.3685,0.74,0.3446,-0.0228,4.84
2016-02-01,DOC_0271,-0.0118,0.1889,0.012,0.2019,3.96
2016-02-03,DOC_0272,-1.0,-0.8529,-1.1726,-1.0871,-11.21
2016-02-05,DOC_0273,-0.236,0.1023,-0.1727,-0.0821,2.32
2016-02-09,DOC_0274,0.2509,0.4847,0.3065,0.1131,3.84
2016-02-11,DOC_0275,0.7006,0.6888,0.6034,0.3111,3.79
2016-02-15,DOC_0276,0.7763,0.8231,1.1538,0.7916,2.81
2016-02-17,DOC_0277,-0.0727,0.0489,-0.2864,0.061,-5.02
2016-02-19,DOC_0278,0.2521,0.5636,0.3108,0.2331,3.96
2016-02-23,DOC_0279,-0.1514,0.1772,-0.3456,0.0092,1.24
2016-02-25,DOC_0280,-0.4058,-0.1783,-0.5633,-0.4343,-1.1
2016-02-29,DOC_0281,0.0868,0.2536,-0.0642,0.4693,3.97
2016-03-02,DOC_0282,0.3693,0.4903,0.0684,0.3425,2.15
2016-03-04,DOC_0283,0.751,0.8878,0.6966,0.7669,3.83
2016-03-08,DOC_0284,0.3799,0.9136,0.3286,0.4784,0.17
2016-03-10,DOC_0285,0.3618,0.53,0.1279,0.3929,-1.08
2016-03-14,DOC_0286,0.0518,0.2622,0.1865,0.0944,-1.41
2016-03-16,DOC_0287,-0.4925,-0.387,-0.8225,-0.0048,-4.12
2016-03-18,DOC_0288,-0.0345,-0.1917,-0.464,-0.1468,-2.58
2016-03-22,DOC_0289,0.3267,0.4905,0.2863,0.0944,1.82
2016-03-24,DOC_0290,1.0,0.895,1.147,1.218,5.15
2016-03-28,DOC_0291,0.8543,0.7062,0.7843,0.5509,1.43
2016-03-30,DOC_0292,-0.1168,0.114,-0.491,-0.1773,2.35
2016-04-01,DOC_0293,-0.4211,-0.0794,-0.7161,-0.4024,-4.42
2016-04-05,DOC_0294,-1.0,-0.7624,-1.4609,-0.9204,-5.33
2016-04-07,DOC_0295,-1.0,-0.8334,-0.9927,-0.8522,-2.27
2016-04-11,DOC_0296,-0.8407,-0.4034,-1.1236,-0.7804,-1.81
2016-04-13,DOC_0297,-0.7392,-0.4147,-1.5,-0.2451,-4.15
2016-04-15,DOC_0298,0.1779,0.3093,-0.2225,0.2406,2.57
2016-04-19,DOC_0299,-0.3196,-0.2823,-0.5254,-0.1768,-2.95
2016-04-21,DOC_0300,-0.1588,-0.1656,-0.4894,-0.3644,-4.98
2016-04-25,DOC_0301,-0.0511,0.4719,0.0241,0.1588,-0.72
2016-04-27,DOC_0302,0.7213,0.8155,0.7885,0.6922,1.93
2016-04-29,DOC_0303,0.8869,0.6212,0.9563,0.9125,3.59
2016-05-03,DOC_0304,-0.8051,-0.4545,-1.5,-0.9673,-8.17
2016-05-05,DOC_0305,-0.7489,-0.5914,-1.3102,-0.635,-6.69
2016-05-09,DOC_0306,0.5806,0.5605,0.3317,0.7624,4.73
2016-05-11,DOC_0307,-0.3092,-0.2628,-0.4315,-0.1565,4.55
2016-05-13,DOC_0308,0.0791,0.6553,-0.1415,0.2636,-1.24
2016-05-17,DOC_0309,0.3709,0.6762,0.4148,0.2325,5.94
2016-05-19,DOC_0310,0.5606,0.9104,0.6183,0.3993,0.44
2016-05-23,DOC_0311,-0.1737,0.4718,-0.6165,0.0974,0.46
2016-05-25,DOC_0312,-0.4647,-0.0252,-0.1101,-0.4126,-1.56
2016-05-27,DOC_0313,0.0832,0.3943,-0.4567,-0.137,0.07
2016-05-31,DOC_0314,0.4165,0.5414,0.5983,0.1539,-0.95
2016-06-02,DOC_0315,0.0499,0.4247,-0.058,0.1085,2.77
2016-06-06,DOC_0316,-0.1658,0.0548,-0.1269,-0.2283,-0.39
2016-06-08,DOC_0317,0.0533,0.3488,-0.1116,0.2072,1.71
2016-06-10,DOC_0318,0.7979,0.9249,0.7763,0.6982,2.93
2016-06-14,DOC_0319,-0.608,-0.4984,-0.7652,-0.536,-2.9
2016-06-16,DOC_0320,-0.6683,-0.5254,-0.9099,-0.3462,-2.07
2016-06-20,DOC_0321,-0.5431,-0.3145,-0.6941,-0.2254,-4.87
2016-06-22,DOC_0322,-0.7074,-0.2299,-1.009,-0.6918,-7.81
2016-06-24,DOC_0323,-1.0,-0.3077,-1.5,-0.7387,-11.55
2016-06-28,DOC_0324,-1.0,-0.7159,-1.5,-0.9575,-6.66
2016-06-30,DOC_0325,0.0027,0.4563,-0.0853,0.026,0.09
2016-07-04,DOC_0326,0.0569,0.2308,-0.128,0.0186,-2.73
2016-07-06,DOC_0327,0.4802,0.4578,0.3498,0.8906,1.77
2016-07-08,DOC_0328,0.6783,0.7952,0.7533,0.8747,1.94
2016-07-12,DOC_0329,-0.1351,-0.0277,-0.2769,-0.1749,-1.62
2016-07-14,DOC_0330,0.1898,0.3697,0.0863,0.0502,3.06
2016-07-18,DOC_0331,0.7799,0.7838,0.6449,0.8101,3.8
2016-07-20,DOC_0332,1.0,0.8217,1.037,0.8943,4.19
2016-07-22,DOC_0333,1.0,1.1042,0.9533,1.2127,5.36
2016-07-26,DOC_0334,0.1347,0.2311,-0.0045,0.667,-4.34
2016-07-28,DOC_0335,0.2335,0.5122,-0.2936,0.1884,10.17
2016-08-01,DOC_0336,0.1112,0.2619,-0.4248,0.1217,1.07
2016-08-03,DOC_0337,0.2689,0.7147,0.4079,0.3756,2.85
2016-08-05,DOC_0338,-0.2446,-0.1103,-0.4814,-0.3048,-0.16
2016-08-09,DOC_0339,-0.1099,0.4203,-0.2687,0.1629,4.09
2016-08-11,DOC_0340,0.6427,0.7826,0.2962,0.7174,0.11
2016-08-15,DOC_0341,0.0631,-0.0678,0.0939,0.0216,4.14
2016-08-17,DOC_0342,-0.1455,0.2263,-0.1755,-0.2257,-0.78
2016-08-19,DOC_0343,0.4776,0.229,0.1415,0.6542,0.92
2016-08-23,DOC_0344,-0.5853,-0.2655,-1.0072,-0.4984,-6.14
2016-08-25,DOC_0345,0.194,0.4552,-0.0611,0.1119,-0.65
2016-08-29,DOC_0346,-0.4728,-0.3217,-0.776,-0.584,-0.53
2016-08-31,DOC_0347,-0.06,0.1327,-0.292,-0.1211,6.44
2016-09-02,DOC_0348,-0.4615,-0.1745,-0.7381,-0.5229,-3.89
2016-09-06,DOC_0349,-0.2465,-0.3024,-0.4684,-0.1864,-0.5
2016-09-08,DOC_0350,-0.3598,-0.1926,-0.7086,0.3256,1.53
2016-09-12,DOC_0351,0.0375,-0.0619,-0.0328,0.0359,0.17
2016-09-14,DOC_0352,-0.3571,-0.0022,-0.4386,-0.3026,0.13
2016-09-16,DOC_0353,-0.1409,0.1371,-0.5047,0.0445,0.58
2016-09-20,DOC_0354,-0.5284,0.113,-0.5202,-0.2385,2.92
2016-09-22,DOC_0355,-0.2718,0.2804,-0.2481,-0.3157,-5.88
2016-09-26,DOC_0356,0.3679,0.8305,0.3164,0.2307,-3.71
2016-09-28,DOC_0357,-0.0182,0.1603,-0.4175,0.1892,6.49
2016-09-30,DOC_0358,0.354,-0.101,-0.0233,0.5068,-1.5
2016-10-04,DOC_0359,0.8585,0.5455,0.6815,0.9933,4.96
2016-10-06,DOC_0360,-0.0046,0.1295,-0.5617,-0.0043,1.89
2016-10-10,DOC_0361,-0.8019,-0.6471,-1.1501,-0.8994,-3.68
2016-10-12,DOC_0362,-0.4048,0.1984,-0.7755,-0.2808,-2.45
2016-10-14,DOC_0363,-0.1875,-0.2859,-0.4886,-0.4372,0.31
2016-10-18,DOC_0364,-0.7395,-0.5232,-0.826,-0.3579,-1.04
2016-10-20,DOC_0365,0.1303,0.1332,0.119,-0.1816,3.74
2016-10-24,DOC_0366,0.3498,0.8306,0.2935,0.2008,4.4
2016-10-26,DOC_0367,-0.6148,-0.1585,-0.8779,-0.6772,1.28
2016-10-28,DOC_0368,0.0147,0.2759,0.1017,0.2384,-0.12
2016-11-01,DOC_0369,0.3549,0.6009,0.5857,0.7855,3.28
2016-11-03,DOC_0370,0.8734,0.9065,0.9408,0.7021,1.14
2016-11-07,DOC_0371,0.6512,0.6137,0.9387,0.7086,6.56
2016-11-09,DOC_0372,1.0,1.1757,0.9107,1.0286,4.63
2016-11-11,DOC_0373,1.0,1.3148,1.092,0.9885,6.87
2016-11-15,DOC_0374,0.9408,1.1506,0.6872,1.1543,6.82
2016-11-17,DOC_0375,0.0683,0.4331,0.0267,0.6082,-0.99
2016-11-21,DOC_0376,-0.2829,-0.1865,-0.5426,-0.5713,0.51
2016-11-23,DOC_0377,-1.0,-0.6282,-1.5,-0.9921,-4.35
2016-11-25,DOC_0378,-0.1031,0.0871,-0.198,0.0833,-1.24
2016-11-29,DOC_0379,0.3583,0.4633,0.1276,0.5335,0.51
2016-12-01,DOC_0380,0.4417,0.8086,0.5131,0.48,0.2
2016-12-05,DOC_0381,0.2742,-0.011,-0.0519,0.0601,-0.36
2016-12-07,DOC_0382,0.1049,0.1826,0.027,-0.2066,0.06
2016-12-09,DOC_0383,1.0,1.088,1.0187,0.8436,4.91
2016-12-13,DOC_0384,0.7579,1.1511,0.799,0.4737,5.2
2016-12-15,DOC_0385,1.0,0.9971,1.0698,1.3715,-0.64
2016-12-19,DOC_0386,0.7317,1.0548,0.8806,0.4527,5.45
2016-12-21,DOC_0387,-0.0393,0.4337,-0.1017,-0.2382,-4.13
2016-12-23,DOC_0388,0.0507,0.204,0.0956,-0.2281,-1.04
2016-12-27,DOC_0389,0.3594,0.5363,0.4133,0.3682,0.47
2016-12-29,DOC_0390,0.2832,-0.0626,0.25,0.4472,-4.31
2017-01-02,DOC_0391,0.0561,0.3078,-0.0067,0.2298,-1.02
2017-01-04,DOC_0392,0.2288,0.4441,0.2506,0.1522,0.8
2017-01-06,DOC_0393,0.4151,0.7471,0.4349,0.3045,-1.22
2017-01-10,DOC_0394,0.3004,0.3749,0.6696,-0.1206,-0.29
2017-01-12,DOC_0395,-0.6136,-0.2621,-0.9415,-0.6087,-2.95
2017-01-16,DOC_0396,-0.0214,0.1095,-0.2795,0.2847,-2.27
2017-01-18,DOC_0397,-0.2071,0.1264,-0.5187,0.0087,-1.15
2017-01-20,DOC_0398,0.4411,0.4475,-0.0442,0.3523,1.78
2017-01-24,DOC_0399,-0.2576,-0.1787,-0.5957,-0.4332,-2.93
2017-01-26,DOC_0400,-0.4756,-0.1053,-0.6488,-0.5308,-0.03
2017-01-30,DOC_0401,0.199,0.3606,0.1915,0.2761,5.23
2017-02-01,DOC_0402,0.8218,0.8541,0.8859,0.699,8.34
2017-02-03,DOC_0403,0.7776,0.827,0.6991,0.9139,-0.21
2017-02-07,DOC_0404,0.3859,0.5298,0.4232,0.5501,2.36
2017-02-09,DOC_0405,0.0061,0.0092,-0.3936,-0.2348,2.08
2017-02-13,DOC_0406,-0.171,-0.1342,-0.2096,-0.4486,5.75
2017-02-15,DOC_0407,-0.8031,-0.579,-1.2379,-0.9312,-3.16
2017-02-17,DOC_0408,-0.1212,-0.0034,-0.0185,0.0805,-6.22
2017-02-21,DOC_0409,0.3148,0.3295,0.172,0.2559,2.95
2017-02-23,DOC_0410,0.0366,-0.1177,-0.2348,-0.1663,-1.8
2017-02-27,DOC_0411,-0.0784,0.0927,-0.2203,0.0776,-1.21
2017-03-01,DOC_0412,0.3215,0.2861,0.5165,0.3083,0.89
2017-03-03,DOC_0413,0.0819,0.5758,-0.2966,0.1063,3.16
2017-03-07,DOC_0414,0.0643,0.535,-0.0328,0.028,3.93
2017-03-09,DOC_0415,-0.5119,-0.0387,-0.5138,-0.16,-0.52
2017-03-13,DOC_0416,-1.0,-0.8899,-1.2898,-1.0466,-9.65
2017-03-15,DOC_0417,-0.6911,0.0782,-1.0808,-0.5958,-2.95
2017-03-17,DOC_0418,-0.2141,-0.213,0.0023,-0.3163,8.12
2017-03-21,DOC_0419,-0.6173,-0.0373,-1.1323,-0.3909,-2.48
2017-03-23,DOC_0420,-0.1708,0.122,-0.2725,0.1111,-3.65
2017-03-27,DOC_0421,-0.3249,0.024,-1.035,-0.2346,-1.34
2017-03-29,DOC_0422,0.5263,0.5769,0.6236,0.5729,1.08
2017-03-31,DOC_0423,0.29,0.4277,0.0867,0.3812,3.36
2017-04-04,DOC_0424,0.4078,0.5873,0.2427,0.2312,-2.41
2017-04-06,DOC_0425,1.0,1.0152,0.9125,1.3143,-1.08
2017-04-10,DOC_0426,1.0,1.1641,1.1782,0.9647,7.34
2017-04-12,DOC_0427,0.903,1.0624,0.9651,0.8158,6.86
2017-04-14,DOC_0428,0.5681,0.5334,0.407,0.7687,5.48
2017-04-18,DOC_0429,0.2671,0.2677,-0.0341,0.2149,-0.32
2017-04-20,DOC_0430,-0.0881,0.5387,-0.3518,-0.2168,-1.6
2017-04-24,DOC_0431,0.1513,0.0897,0.0263,0.1985,-0.99
2017-04-26,DOC_0432,-0.903,-0.3521,-0.8703,-0.6896,-3.27
2017-04-28,DOC_0433,-0.4307,-0.1373,-0.4314,-0.1985,-6.18
2017-05-02,DOC_0434,-0.3321,-0.1247,-0.4199,-0.2941,-5.97
2017-05-04,DOC_0435,-0.2866,0.0342,-0.5916,-0.1027,0.3
2017-05-08,DOC_0436,0.0168,0.2301,0.0233,-0.3133,-2.19
2017-05-10,DOC_0437,-0.9409,-0.3475,-1.0786,-0.7868,-2.26
2017-05-12,DOC_0438,-0.44,-0.0175,-0.3813,0.0529,-1.82
2017-05-16,DOC_0439,0.1752,0.0871,-0.1462,0.2347,-0.07
2017-05-18,DOC_0440,0.2741,0.1146,0.3232,0.5222,-1.8
2017-05-22,DOC_0441,1.0,1.1084,1.297,1.488,5.14
2017-05-24,DOC_0442,0.283,0.3714,0.2971,0.3762,-0.43
2017-05-26,DOC_0443,0.1175,0.546,-0.2296,0.1125,2.32
2017-05-30,DOC_0444,0.2715,0.5337,0.0279,0.1564,-3.16
2017-06-01,DOC_0445,0.1824,0.348,0.2469,0.289,4.03
2017-06-05,DOC_0446,-0.2804,-0.3897,-0.4381,-0.0489,-3.2
2017-06-07,DOC_0447,-0.2894,-0.0942,-0.1974,-0.5018,2.22
2017-06-09,DOC_0448,0.0005,0.2785,-0.0781,0.1596,0.65
2017-06-13,DOC_0449,0.5898,0.647,0.4298,1.0292,5.76
2017-06-15,DOC_0450,0.1425,0.0284,0.1783,0.1696,1.38
2017-06-19,DOC_0451,-0.2647,-0.0333,-0.5144,-0.3638,-6.3
2017-06-21,DOC_0452,0.2071,0.5709,0.5613,-0.0223,0.53
2017-06-23,DOC_0453,0.4256,0.5862,0.4313,0.0516,1.81
2017-06-27,DOC_0454,0.1718,0.3497,-0.0316,-0.0098,4.98
2017-06-29,DOC_0455,1.0,1.355,0.9703,1.1852,3.31
2017-07-03,DOC_0456,0.7478,0.6976,0.9194,0.8567,4.49
2017-07-05,DOC_0457,1.0,1.303,1.0336,1.0808,9.23
2017-07-07,DOC_0458,0.8061,1.0254,0.5347,1.2938,5.55
2017-07-11,DOC_0459,0.1473,0.3538,0.0281,0.2147,4.61
2017-07-13,DOC_0460,-0.277,-0.0975,-0.2385,-0.1061,-5.13
2017-07-17,DOC_0461,-0.1061,0.3136,-0.1803,-0.3313,-2.96
2017-07-19,DOC_0462,0.2702,0.1015,-0.1101,0.4427,2.2
2017-07-21,DOC_0463,-0.1672,-0.0063,-0.3057,-0.1126,-4.36
2017-07-25,DOC_0464,0.3932,0.5458,0.3078,0.2831,2.72
2017-07-27,DOC_0465,0.6685,0.7538,0.6958,0.6293,2.26
2017-07-31,DOC_0466,1.0,1.1126,1.1006,1.0913,5.85
2017-08-02,DOC_0467,0.7772,0.5124,0.8468,0.9081,6.51
2017-08-04,DOC_0468,0.1735,0.0865,0.0868,0.0862,-5.38
2017-08-08,DOC_0469,0.3048,0.5072,0.1435,0.4118,-1.96
2017-08-10,DOC_0470,-0.0075,0.0339,-0.4031,0.0586,2.72
2017-08-14,DOC_0471,0.3881,0.6678,0.3847,0.6346,-2.75
2017-08-16,DOC_0472,-0.2235,0.1929,-0.284,-0.2074,-1.11
2017-08-18,DOC_0473,0.6821,1.216,0.7279,0.5436,2.38
2017-08-22,DOC_0474,0.5796,0.7541,0.4614,0.405,4.14
2017-08-24,DOC_0475,-0.2116,-0.0105,-0.0165,-0.4686,0.73
2017-08-28,DOC_0476,0.6145,0.7203,0.5427,0.495,4.56
2017-08-30,DOC_0477,1.0,1.093,1.0069,1.1578,6.93
2017-09-01,DOC_0478,0.5753,0.8374,0.2374,0.793,1.44
2017-09-05,DOC_0479,0.4849,0.7251,-0.0137,0.2916,8.22
2017-09-07,DOC_0480,0.3601,0.3771,-0.1092,0.4354,3.8
2017-09-11,DOC_0481,0.3843,0.5622,0.2979,0.1822,2.26
2017-09-13,DOC_0482,-0.028,0.6172,-0.2547,0.0685,-1.85
2017-09-15,DOC_0483,-0.2819,0.0446,-0.5562,-0.3999,1.43
2017-09-19,DOC_0484,0.4436,0.5263,0.5605,0.3597,3.51
2017-09-21,DOC_0485,1.0,0.8885,1.0089,0.8832,6.19
2017-09-25,DOC_0486,1.0,1.153,1.2472,0.4839,1.24
2017-09-27,DOC_0487,1.0,1.3532,1.3482,0.964,7.8
2017-09-29,DOC_0488,1.0,0.66,0.8389,1.2071,5.91
2017-10-03,DOC_0489,1.0,1.0305,1.2547,1.1162,1.54
2017-10-05,DOC_0490,0.2649,0.3609,0.3594,0.5061,0.52
2017-10-09,DOC_0491,-0.1513,-0.0258,-0.5647,-0.1949,-4.28
2017-10-11,DOC_0492,-0.1073,0.3177,-0.0582,0.4496,-3.87
2017-10-13,DOC_0493,0.2072,0.3322,0.1709,0.2988,3.43
2017-10-17,DOC_0494,-0.353,-0.2802,-0.3028,-0.5261,-1.63
2017-10-19,DOC_0495,-0.4554,-0.3367,-0.5837,-0.301,0.88
2017-10-23,DOC_0496,0.1243,-0.0321,0.159,0.1194,-3.38
2017-10-25,DOC_0497,0.1349,0.3079,0.264,0.2289,-2.4
2017-10-27,DOC_0498,0.5134,0.9672,0.1524,0.4026,-0.82
2017-10-31,DOC_0499,-0.2102,0.2678,-0.4909,-0.1692,-1.41
2017-11-02,DOC_0500,-0.4978,-0.1116,-0.7117,-0.1961,-2.84
2017-11-06,DOC_0501,-0.3814,0.2785,-0.7394,-0.4175,0.91
2017-11-08,DOC_0502,-0.1213,-0.0419,0.0033,-0.2151,-1.66
2017-11-10,DOC_0503,-0.2871,0.1015,-0.3278,-0.4231,-2.17
2017-11-14,DOC_0504,0.0547,0.3042,0.244,0.023,0.42
2017-11-16,DOC_0505,-0.1695,-0.0542,-0.315,-0.1382,-1.97
2017-11-20,DOC_0506,-0.0217,-0.0373,-0.0304,-0.1541,6.7
2017-11-22,DOC_0507,0.7131,0.9563,0.5589,0.7227,4.79
2017-11-24,DOC_0508,0.3847,-0.0104,-0.0657,0.5899,-3.65
2017-11-28,DOC_0509,0.7857,1.1232,0.8214,0.6975,8.04
2017-11-30,DOC_0510,0.2668,0.3671,-0.0257,0.2546,-0.43
2017-12-04,DOC_0511,-0.1371,-0.1728,-0.2165,-0.2261,-2.5
2017-12-06,DOC_0512,0.1657,0.131,0.1996,0.3704,4.25
2017-12-08,DOC_0513,1.0,0.5521,1.0345,1.2593,6.05
2017-12-12,DOC_0514,0.3859,0.717,0.5853,0.552,-0.51
2017-12-14,DOC_0515,1.0,1.0614,1.0305,0.9115,4.09
2017-12-18,DOC_0516,0.8854,0.9866,0.5477,0.8867,7.45
2017-12-20,DOC_0517,-0.0162,-0.122,-0.5413,-0.0313,-3.78
2017-12-22,DOC_0518,-0.1227,0.1424,0.3021,-0.0114,2.13
2017-12-26,DOC_0519,-0.8402,-0.362,-1.1917,-0.5586,-0.31
2017-12-28,DOC_0520,-0.0024,0.232,0.0684,0.1946,-5.86
2018-01-01,DOC_0521,-0.2894,-0.4321,-0.4879,0.1201,1.14
2018-01-03,DOC_0522,-0.2229,-0.0058,-0.3731,-0.1163,-2.88
2018-01-05,DOC_0523,0.4706,0.4942,0.2352,-0.0529,3.51
2018-01-09,DOC_0524,0.0691,0.2741,-0.2301,0.1161,1.57
2018-01-11,DOC_0525,0.1171,0.479,-0.0554,0.2722,5.59
2018-01-15,DOC_0526,1.0,1.2356,0.7239,1.0076,5.58
2018-01-17,DOC_0527,0.8419,0.9243,0.7686,0.7074,4.31
2018-01-19,DOC_0528,-0.2774,-0.3115,-0.3577,-0.3211,1.1
2018-01-23,DOC_0529,-0.3083,-0.1144,-0.5642,0.3919,2.45
2018-01-25,DOC_0530,0.2752,0.2346,-0.0122,0.3269,3.43
2018-01-29,DOC_0531,0.0377,0.5602,-0.1893,0.213,-0.23
2018-01-31,DOC_0532,0.0091,0.2772,-0.4485,0.0174,-4.13
2018-02-02,DOC_0533,0.6212,0.8556,1.2361,0.1541,5.14
2018-02-06,DOC_0534,0.6547,0.9349,0.7539,0.5333,1.21
2018-02-08,DOC_0535,-0.5457,-0.2342,-1.1262,-0.6735,0.75
2018-02-12,DOC_0536,0.0092,0.3446,-0.4717,0.5404,4.04
2018-02-14,DOC_0537,0.102,0.3848,-0.2351,0.094,-0.65
2018-02-16,DOC_0538,0.8445,0.8406,0.809,0.8032,6.18
2018-02-20,DOC_0539,-0.1117,0.0965,-0.0778,-0.2366,-3.6
2018-02-22,DOC_0540,0.2303,0.533,0.0959,0.1578,3.72
2018-02-26,DOC_0541,0.3,0.5656,0.3876,0.3823,0.23
2018-02-28,DOC_0542,1.0,0.7355,1.1445,1.0007,8.16
2018-03-02,DOC_0543,0.4371,0.9751,0.5507,0.3011,2.75
2018-03-06,DOC_0544,-0.257,-0.252,-0.3971,-0.0581,-5.89
2018-03-08,DOC_0545,0.0361,0.3056,0.0022,0.0938,-4.76
2018-03-12,DOC_0546,-0.0048,0.1133,-0.2525,0.1942,-2.96
2018-03-14,DOC_0547,-0.0406,-0.0926,0.0016,-0.0532,-4.03
2018-03-16,DOC_0548,-0.3614,-0.3432,-0.6565,-0.4331,5.18
2018-03-20,DOC_0549,0.3607,0.7691,0.3135,0.3922,3.89
2018-03-22,DOC_0550,0.5918,0.7127,0.3908,0.3883,-3.95
2018-03-26,DOC_0551,0.302,0.4734,0.1401,0.4939,6.74
2018-03-28,DOC_0552,0.0687,0.2788,-0.2134,-0.058,-5.68
2018-03-30,DOC_0553,-0.8278,-0.584,-1.4252,-0.9214,-1.62
2018-04-03,DOC_0554,-0.2484,0.1428,-0.3668,-0.4805,-0.6
2018-04-05,DOC_0555,-0.0636,0.3117,-0.1869,-0.044,3.13
2018-04-09,DOC_0556,0.1877,0.5084,0.2668,0.7141,-1.12
2018-04-11,DOC_0557,0.5426,0.6907,0.38,0.4437,-2.35
2018-04-13,DOC_0558,-0.3314,-0.0817,-0.4189,-0.7359,-5.38
2018-04-17,DOC_0559,-0.4397,-0.1383,-0.3822,-0.5561,1.78
2018-04-19,DOC_0560,-0.2885,-0.3819,-0.7214,0.0592,-4.95
2018-04-23,DOC_0561,-0.632,-0.5047,-0.8827,-0.1314,-3.63
2018-04-25,DOC_0562,-0.2788,0.3525,-0.2071,-0.071,-3.71
2018-04-27,DOC_0563,-0.851,-0.52,-1.3635,-0.7706,-6.39
2018-05-01,DOC_0564,-0.6029,0.0139,-0.7926,-0.8623,-10.59
2018-05-03,DOC_0565,-0.6102,-0.148,-0.6019,-0.3292,-0.39
2018-05-07,DOC_0566,-0.0048,0.2038,-0.1654,-0.0988,-4.05
2018-05-09,DOC_0567,-0.045,0.15,-0.192,-0.14,2.78
2018-05-11,DOC_0568,-0.0985,0.2355,-0.3657,0.1219,1.87
2018-05-15,DOC_0569,-0.4219,0.015,-0.6618,-0.4536,1.17
2018-05-17,DOC_0570,0.1827,0.1459,0.3086,0.1787,3.67
2018-05-21,DOC_0571,-0.504,-0.1663,-0.6383,-0.2694,-4.18
2018-05-23,DOC_0572,-0.0186,-0.2205,-0.1328,0.1301,4.79
2018-05-25,DOC_0573,0.0615,0.3121,-0.0772,-0.1232,0.95
2018-05-29,DOC_0574,0.5833,0.7105,0.4586,0.1211,2.84
2018-05-31,DOC_0575,0.9646,1.069,1.1325,0.7917,4.57
2018-06-04,DOC_0576,0.2535,0.5367,0.1007,0.5577,2.29
2018-06-06,DOC_0577,-0.2605,0.2192,-0.3342,-0.0693,2.0
2018-06-08,DOC_0578,0.1088,0.1348,0.503,0.218,-0.39
2018-06-12,DOC_0579,-0.391,0.05,-0.5615,-0.3916,-3.4
2018-06-14,DOC_0580,0.2677,0.6532,0.3774,-0.0622,5.77
2018-06-18,DOC_0581,0.4694,0.3232,0.3356,0.786,-1.3
2018-06-20,DOC_0582,0.617,0.4938,1.0122,0.6121,6.44
2018-06-22,DOC_0583,-0.0271,0.154,-0.1721,-0.2536,-5.05
2018-06-26,DOC_0584,-0.3161,-0.2371,-0.4941,-0.3125,-0.9
2018-06-28,DOC_0585,-0.2729,0.1856,-0.1908,-0.0798,-1.36
2018-07-02,DOC_0586,0.329,0.6072,-0.1216,0.3335,4.18
2018-07-04,DOC_0587,0.1519,0.3649,0.0815,0.05,1.96
2018-07-06,DOC_0588,0.4931,0.629,0.5238,0.411,-5.66
2018-07-10,DOC_0589,0.0778,0.5289,-0.2789,0.1221,3.98
2018-07-12,DOC_0590,0.4583,0.6401,0.5382,0.8512,3.94
2018-07-16,DOC_0591,0.1822,0.4139,0.57,0.308,1.67
2018-07-18,DOC_0592,0.6169,1.3741,0.3689,0.3227,4.78
2018-07-20,DOC_0593,0.5044,0.576,0.4433,0.3553,6.71
2018-07-24,DOC_0594,-0.1886,0.3029,0.0054,-0.0842,-2.85
2018-07-26,DOC_0595,0.3049,0.4401,-0.1732,0.4076,-0.49
2018-07-30,DOC_0596,-0.3256,-0.2076,-0.4405,-0.3679,3.07
2018-08-01,DOC_0597,-0.2397,0.041,-0.4122,-0.4047,0.29
2018-08-03,DOC_0598,0.0059,0.3681,-0.25,0.078,2.27
2018-08-07,DOC_0599,0.8639,0.759,1.0873,1.0257,2.86
2018-08-09,DOC_0600,0.3773,0.6158,-0.1547,0.515,9.8
2018-08-13,DOC_0601,0.0372,0.2666,-0.087,-0.0063,-1.33
2018-08-15,DOC_0602,0.693,0.6141,0.6586,0.7577,1.62
2018-08-17,DOC_0603,0.284,0.8015,0.1364,0.3671,6.53
2018-08-21,DOC_0604,0.825,0.6705,1.0721,0.8679,0.79
2018-08-23,DOC_0605,0.4807,0.539,0.2399,0.4166,3.57
2018-08-27,DOC_0606,0.3036,0.6823,-0.1651,0.5825,2.07
2018-08-29,DOC_0607,-0.0894,0.4448,-0.2182,-0.038,7.35
2018-08-31,DOC_0608,0.3798,0.6028,0.2592,0.4986,5.91
2018-09-04,DOC_0609,1.0,1.1189,0.8175,0.8683,1.91
2018-09-06,DOC_0610,0.6492,0.7403,0.5762,0.3608,7.09
2018-09-10,DOC_0611,0.0845,-0.1087,-0.11,-0.0895,7.02
2018-09-12,DOC_0612,0.5489,0.438,0.4921,0.5979,7.44
2018-09-14,DOC_0613,0.0503,0.5217,0.119,-0.2642,1.0
2018-09-18,DOC_0614,0.2308,0.1524,0.4238,0.3871,5.09
2018-09-20,DOC_0615,-0.4997,-0.2366,-1.0219,-0.5178,-2.85
2018-09-24,DOC_0616,-0.2202,0.0838,-0.3702,0.0701,-1.72
2018-09-26,DOC_0617,0.4825,0.5365,0.3747,0.3091,4.16
2018-09-28,DOC_0618,0.6635,0.8023,0.6741,0.7668,1.23
2018-10-02,DOC_0619,-0.4132,-0.0942,-0.8461,-0.1189,-5.5
2018-10-04,DOC_0620,-0.7327,-0.2411,-0.9388,-0.7624,-5.28
2018-10-08,DOC_0621,0.2704,0.3797,-0.3106,0.4238,-0.93
2018-10-10,DOC_0622,0.8629,1.0015,0.9732,0.796,0.17
2018-10-12,DOC_0623,-0.0268,0.2038,-0.5622,-0.5827,3.9
2018-10-16,DOC_0624,-0.2738,-0.407,-0.6065,0.0613,-1.67
2018-10-18,DOC_0625,-0.281,-0.1883,-0.4735,-0.0284,-1.49
2018-10-22,DOC_0626,-0.3537,-0.0412,-0.4093,-0.4944,-2.96
2018-10-24,DOC_0627,-0.3938,-0.0217,-0.4906,-0.0565,-4.49
2018-10-26,DOC_0628,-0.608,-0.5832,-0.6333,-0.5252,-0.03
2018-10-30,DOC_0629,0.4034,0.4373,0.2397,0.5161,3.92
2018-11-01,DOC_0630,-0.033,0.2625,-0.263,0.1232,6.67
2018-11-05,DOC_0631,-0.3137,-0.3921,-0.3016,-0.1719,-4.64
2018-11-07,DOC_0632,0.4265,0.8323,0.4538,0.5498,5.17
2018-11-09,DOC_0633,-0.0111,-0.1694,-0.1883,0.0132,-2.69
2018-11-13,DOC_0634,0.3064,0.3019,0.0657,0.4281,-0.38
2018-11-15,DOC_0635,0.198,0.3483,-0.0383,-0.0262,-1.34
2018-11-19,DOC_0636,0.2635,0.3728,0.406,0.1004,2.28
2018-11-21,DOC_0637,0.7247,0.6542,0.7404,0.8612,0.52
2018-11-23,DOC_0638,0.8265,1.1896,0.8052,0.9218,6.43
2018-11-27,DOC_0639,0.8426,1.1982,0.7056,0.6187,3.91
2018-11-29,DOC_0640,0.4796,0.7031,0.3383,0.743,8.39
2018-12-03,DOC_0641,0.0163,0.1691,-0.1224,0.1285,2.98
2018-12-05,DOC_0642,0.8366,0.8663,0.4571,0.5144,7.18
2018-12-07,DOC_0643,0.3495,0.4096,0.3151,0.742,2.21
2018-12-11,DOC_0644,0.718,0.853,0.4867,0.7626,5.26
2018-12-13,DOC_0645,0.9662,0.956,1.0722,0.8583,3.66
2018-12-17,DOC_0646,1.0,1.2421,1.5,0.9097,-0.56
2018-12-19,DOC_0647,0.2438,0.4332,0.2448,0.3502,-0.42
2018-12-21,DOC_0648,-0.285,-0.1828,-0.5184,-0.1459,0.11
2018-12-25,DOC_0649,-1.0,-0.2508,-1.4152,-0.5697,-10.24
2018-12-27,DOC_0650,-0.6194,-0.3981,-0.787,-0.5096,1.03
2018-12-31,DOC_0651,-0.2257,0.3295,-0.2656,-0.2112,-0.0
2019-01-02,DOC_0652,-0.3082,0.079,-0.7001,-0.6689,-4.12
2019-01-04,DOC_0653,0.193,0.4047,0.1794,0.0958,-4.65
2019-01-08,DOC_0654,0.1423,0.2637,-0.113,0.3014,1.53
2019-01-10,DOC_0655,0.5896,0.9188,0.3608,0.8419,2.1
2019-01-14,DOC_0656,0.5163,0.6173,0.7287,0.2605,-0.06
2019-01-16,DOC_0657,0.2149,0.3048,0.0726,0.3155,1.4
2019-01-18,DOC_0658,-0.2405,-0.0607,-0.1857,-0.0654,-3.91
2019-01-22,DOC_0659,0.5326,0.6793,0.6832,0.5124,4.82
2019-01-24,DOC_0660,1.0,1.0836,0.862,0.8819,-0.46
2019-01-28,DOC_0661,1.0,1.0039,1.049,0.8514,0.66
2019-01-30,DOC_0662,0.6824,0.8619,0.163,0.7685,3.11
2019-02-01,DOC_0663,0.1183,-0.0362,-0.2203,0.1509,-4.4
2019-02-05,DOC_0664,0.5782,0.3853,0.3684,0.4709,4.73
2019-02-07,DOC_0665,-0.0254,-0.1079,-0.2204,-0.0868,3.62
2019-02-11,DOC_0666,0.4188,0.4194,0.4533,0.3114,3.09
2019-02-13,DOC_0667,-0.3106,0.0874,-0.307,-0.2957,-1.65
2019-02-15,DOC_0668,0.1698,0.5982,-0.1061,0.0609,0.84
2019-02-19,DOC_0669,1.0,0.6095,1.1575,0.9845,4.39
2019-02-21,DOC_0670,0.9843,0.7931,1.1297,1.1308,3.37
2019-02-25,DOC_0671,-0.3531,-0.0694,-0.4701,-0.4062,0.46
2019-02-27,DOC_0672,-0.5391,-0.0603,-0.8387,-0.6044,-2.92
2019-03-01,DOC_0673,-0.1708,0.2968,-0.2725,-0.0689,-4.55
2019-03-05,DOC_0674,0.074,0.504,-0.0666,0.0496,1.69
2019-03-07,DOC_0675,0.6087,0.3987,1.0086,0.7268,-1.11
2019-03-11,DOC_0676,0.031,0.5277,0.1851,0.0716,2.26
2019-03-13,DOC_0677,0.327,0.1954,0.192,0.4491,6.82
2019-03-15,DOC_0678,0.1725,0.2998,0.14,0.0331,1.52
2019-03-19,DOC_0679,-0.0517,0.4841,-0.4522,0.0026,-3.68
2019-03-21,DOC_0680,-0.3872,0.0887,-0.2896,-0.3703,-2.02
2019-03-25,DOC_0681,-0.6061,-0.1662,-0.9466,-0.7413,-6.14
2019-03-27,DOC_0682,0.2698,0.3713,-0.3544,0.5926,5.7
2019-03-29,DOC_0683,-0.1392,0.0426,-0.3996,0.1837,-1.98
2019-04-02,DOC_0684,0.3428,0.5569,-0.1074,0.3314,2.99
2019-04-04,DOC_0685,0.1533,0.5047,-0.0163,0.0811,5.98
2019-04-08,DOC_0686,0.7792,0.5639,0.6325,0.8264,2.43
2019-04-10,DOC_0687,-0.3217,0.0894,-0.4781,-0.5509,-2.76
2019-04-12,DOC_0688,-0.3027,-0.0719,-0.5517,-0.1937,-2.05
2019-04-16,DOC_0689,-0.4234,0.2796,-0.4714,-0.3477,-0.4
2019-04-18,DOC_0690,0.0547,0.0181,-0.0074,0.266,2.14
2019-04-22,DOC_0691,0.2179,0.2556,-0.0184,0.2921,-4.06
2019-04-24,DOC_0692,0.156,0.4154,-0.2603,0.2915,6.62
2019-04-26,DOC_0693,0.8158,0.8561,0.8955,0.6716,1.98
2019-04-30,DOC_0694,0.0575,0.1972,-0.1245,0.0821,1.23
2019-05-02,DOC_0695,-0.7538,-0.7109,-1.3715,-0.2707,-6.64
2019-05-06,DOC_0696,-0.5766,-0.2058,-0.9814,-0.8739,0.27
2019-05-08,DOC_0697,-0.1,0.0984,-0.4452,0.3123,-1.97
2019-05-10,DOC_0698,0.3121,0.5513,0.2794,0.4196,7.12
2019-05-14,DOC_0699,0.1118,0.2208,-0.3863,0.0698,1.85
2019-05-16,DOC_0700,0.034,-0.0512,-0.0998,0.0777,-0.87
2019-05-20,DOC_0701,0.3299,0.3499,0.0764,0.1906,2.35
2019-05-22,DOC_0702,0.1365,0.3611,-0.2153,0.0796,1.87
2019-05-24,DOC_0703,-0.1471,0.4563,-0.3403,-0.2028,3.6
2019-05-28,DOC_0704,-0.0812,0.5385,-0.5326,0.0723,-0.24
2019-05-30,DOC_0705,-0.712,-0.238,-0.9195,-0.396,-2.76
2019-06-03,DOC_0706,-0.2365,-0.0215,-0.5566,-0.2514,-2.25
2019-06-05,DOC_0707,0.6828,0.8012,0.7188,0.6925,2.29
2019-06-07,DOC_0708,0.0534,0.4743,0.0097,-0.1077,2.27
2019-06-11,DOC_0709,-0.1551,-0.0985,-0.7338,-0.0489,2.76
2019-06-13,DOC_0710,0.2359,0.5146,0.2811,0.2134,4.51
2019-06-17,DOC_0711,0.6742,1.0488,0.4528,0.8008,6.62
2019-06-19,DOC_0712,0.4236,0.3547,0.0788,0.3839,0.76
2019-06-21,DOC_0713,0.3398,0.2245,0.0823,0.3903,6.21
2019-06-25,DOC_0714,0.2783,0.5826,0.1938,0.1474,0.28
2019-06-27,DOC_0715,0.2103,0.6879,0.04,0.4195,2.45
2019-07-01,DOC_0716,-0.1003,0.2068,-0.4422,-0.1661,5.3
2019-07-03,DOC_0717,-0.4599,-0.3172,-0.6438,-0.6567,4.08
2019-07-05,DOC_0718,0.6883,0.3664,1.0465,1.1499,3.24
2019-07-09,DOC_0719,1.0,1.323,0.8358,0.968,5.71
2019-07-11,DOC_0720,0.3021,0.4405,-0.0861,0.2027,-2.95
2019-07-15,DOC_0721,0.3399,0.4082,-0.0995,0.7444,2.22
2019-07-17,DOC_0722,-0.3158,-0.0073,-0.6045,-0.4048,0.5
2019-07-19,DOC_0723,-0.4213,-0.3249,-0.9058,-0.5725,0.31
2019-07-23,DOC_0724,0.3344,0.6004,0.2464,0.0006,3.01
2019-07-25,DOC_0725,-0.8436,-0.5265,-1.2699,-0.8773,-7.89
2019-07-29,DOC_0726,-0.2766,-0.3313,-0.3679,0.0348,-2.47
2019-07-31,DOC_0727,-0.3786,-0.4403,-0.5222,-0.2439,-9.23
2019-08-02,DOC_0728,0.6755,0.9546,0.3817,0.9359,-4.54
2019-08-06,DOC_0729,0.8481,1.1398,0.6694,1.0685,5.13
2019-08-08,DOC_0730,0.717,0.4825,0.4481,0.6981,3.35
2019-08-12,DOC_0731,-0.1555,0.2408,-0.3563,-0.0092,-1.85
2019-08-14,DOC_0732,-0.1487,0.2302,-0.0216,0.2648,-4.11
2019-08-16,DOC_0733,-0.1603,0.1821,-0.3366,-0.2022,-5.21
2019-08-20,DOC_0734,1.0,0.9965,1.2598,0.7049,3.72
2019-08-22,DOC_0735,0.7267,1.0039,0.8157,0.5702,-1.85
2019-08-26,DOC_0736,-0.0396,0.1321,-0.0795,0.4428,-4.4
2019-08-28,DOC_0737,0.3977,0.2901,0.5268,0.634,1.71
2019-08-30,DOC_0738,-0.7639,-0.3421,-0.9918,-0.5181,-5.57
2019-09-03,DOC_0739,-1.0,-1.0038,-1.0529,-0.9896,0.1
2019-09-05,DOC_0740,-1.0,-0.5067,-1.1712,-0.9343,-1.26
2019-09-09,DOC_0741,-0.5043,-0.1625,-0.9642,-0.3828,-1.66
2019-09-11,DOC_0742,-0.4294,0.0557,-0.8484,-0.2118,-1.66
2019-09-13,DOC_0743,0.1964,0.5805,-0.24,0.541,-0.99
2019-09-17,DOC_0744,-0.955,-0.5644,-1.1582,-0.8805,-4.27
2019-09-19,DOC_0745,-0.4606,-0.1651,-0.7625,-0.0427,1.66
2019-09-23,DOC_0746,-0.0774,0.0674,-0.421,0.0135,-1.49
2019-09-25,DOC_0747,-0.3899,-0.3049,-0.6132,-0.649,-0.04
2019-09-27,DOC_0748,-0.6955,-0.432,-0.5424,-0.6628,-2.26
2019-10-01,DOC_0749,-0.5274,-0.3576,-1.0638,-0.3369,-1.62
2019-10-03,DOC_0750,-0.0417,0.5816,-0.1413,-0.1369,-1.72
2019-10-07,DOC_0751,0.6341,0.848,0.557,0.6623,6.42
2019-10-09,DOC_0752,0.7242,0.9631,0.8264,0.4379,8.35
2019-10-11,DOC_0753,0.3309,0.5044,0.1678,0.5296,4.16
2019-10-15,DOC_0754,-0.5433,-0.2155,-0.4196,-0.5374,-3.62
2019-10-17,DOC_0755,-0.8116,-0.1403,-1.1566,-1.1905,-4.41
2019-10-21,DOC_0756,0.161,0.251,0.0302,0.3347,-0.48
2019-10-23,DOC_0757,0.8452,1.0302,0.6227,0.4346,0.37
2019-10-25,DOC_0758,-0.7564,-0.4501,-1.024,-1.1446,-6.32
2019-10-29,DOC_0759,-0.0856,0.217,-0.3957,0.0591,-0.49
2019-10-31,DOC_0760,0.4718,0.3347,0.4004,0.6675,2.54
2019-11-04,DOC_0761,-0.4478,-0.1964,-1.0917,-0.3075,-3.45
2019-11-06,DOC_0762,0.1582,0.263,0.0494,0.1886,0.49
2019-11-08,DOC_0763,-0.4385,-0.1443,-0.598,-0.226,-6.2
2019-11-12,DOC_0764,0.0655,0.2992,-0.1566,0.111,-4.62
2019-11-14,DOC_0765,-0.6829,-0.3068,-0.8591,-0.4944,-0.56
2019-11-18,DOC_0766,0.3926,0.3986,0.152,0.6048,0.37
2019-11-20,DOC_0767,0.5152,0.2566,0.4368,0.6628,-0.54
2019-11-22,DOC_0768,0.8209,0.9541,0.8314,0.8275,2.18
2019-11-26,DOC_0769,-0.0245,0.1801,0.1898,-0.1662,-3.72
2019-11-28,DOC_0770,-0.3455,0.0006,-0.7791,0.1536,-6.66
2019-12-02,DOC_0771,-0.8364,-0.5202,-1.1258,-0.9613,0.54
2019-12-04,DOC_0772,-0.3788,0.04,-0.4793,-0.4173,-4.59
2019-12-06,DOC_0773,-0.1059,-0.0904,0.1208,0.2385,-0.29
2019-12-10,DOC_0774,0.0543,0.2672,-0.058,0.0345,1.9
2019-12-12,DOC_0775,0.1956,0.3553,0.1507,0.3827,-1.95
2019-12-16,DOC_0776,0.2208,0.294,-0.0028,0.7684,1.72
2019-12-18,DOC_0777,0.2565,0.4477,0.1607,-0.048,4.7
2019-12-20,DOC_0778,0.2127,0.6868,0.0619,-0.0169,0.01
2019-12-24,DOC_0779,0.0485,0.2698,0.3109,0.0032,-2.39
2019-12-26,DOC_0780,0.7701,0.8897,0.5931,0.6306,7.6
2019-12-30,DOC_0781,0.8878,0.934,0.6754,1.1462,6.74
2020-01-01,DOC_0782,0.3711,0.6221,0.1641,0.3788,3.03
2020-01-03,DOC_0783,0.5045,0.5973,0.5841,0.6928,5.91
2020-01-07,DOC_0784,0.3596,0.4333,0.3124,0.51,0.51
2020-01-09,DOC_0785,0.4842,0.6109,0.3793,0.2523,2.92
2020-01-13,DOC_0786,0.0671,0.0701,0.0933,0.1539,-0.48
2020-01-15,DOC_0787,0.6268,0.7965,0.4754,0.6558,3.09
2020-01-17,DOC_0788,-0.6748,-0.2617,-1.3222,-0.302,-4.93
2020-01-21,DOC_0789,0.2852,0.4209,0.0893,0.1892,5.51
2020-01-23,DOC_0790,0.7605,0.8252,0.8769,1.0906,8.26
2020-01-27,DOC_0791,0.3796,0.3323,0.217,0.239,2.35
2020-01-29,DOC_0792,-0.9865,-0.6966,-1.2949,-1.0001,-5.3
2020-01-31,DOC_0793,-0.1626,0.0168,-0.4942,-0.1694,-2.14
2020-02-04,DOC_0794,0.5599,0.6235,0.5994,0.7114,5.48
2020-02-06,DOC_0795,0.7069,0.5466,0.6263,0.8765,2.34
2020-02-10,DOC_0796,-0.2208,-0.3838,-0.338,-0.1461,1.92
2020-02-12,DOC_0797,0.4538,0.5601,0.3139,0.4368,2.83
2020-02-14,DOC_0798,0.2203,0.5707,0.0928,0.327,-1.03
2020-02-18,DOC_0799,-0.1592,0.4127,-0.0883,0.097,-1.97
2020-02-20,DOC_0800,-0.3349,-0.2698,-0.4402,-0.2743,-0.21
2020-02-24,DOC_0801,-0.4027,-0.1256,-0.3978,-0.4812,-0.04
2020-02-26,DOC_0802,0.3808,0.455,0.3912,0.817,2.76
2020-02-28,DOC_0803,0.4278,0.4481,0.1778,0.6756,3.99
2020-03-03,DOC_0804,0.7403,0.812,0.4768,0.8059,0.91
2020-03-05,DOC_0805,0.2921,0.4903,0.5804,0.3143,0.86
2020-03-09,DOC_0806,0.7073,0.6427,0.6792,0.8899,0.83
2020-03-11,DOC_0807,0.5429,0.7658,0.422,0.7144,4.78
2020-03-13,DOC_0808,-0.2345,-0.1177,0.1305,-0.441,-0.74
2020-03-17,DOC_0809,-0.2224,-0.088,-0.4353,-0.3059,-2.55
2020-03-19,DOC_0810,0.0719,0.1568,0.3274,0.5385,-0.94
2020-03-23,DOC_0811,0.1369,0.2655,-0.1979,0.0789,-1.68
2020-03-25,DOC_0812,0.3159,0.2944,0.619,0.7472,0.8
2020-03-27,DOC_0813,-0.0395,0.2497,-0.2292,0.2207,-0.14
2020-03-31,DOC_0814,0.4916,0.6436,0.1063,0.0643,1.04
2020-04-02,DOC_0815,-0.4015,0.2215,-0.8436,-0.3121,-2.97
2020-04-06,DOC_0816,0.5447,0.5565,0.292,0.6249,7.46
2020-04-08,DOC_0817,0.8919,1.108,0.718,0.6404,5.42
2020-04-10,DOC_0818,0.3332,0.4937,0.3633,0.6033,6.29
2020-04-14,DOC_0819,0.001,0.0692,-0.1306,0.2863,2.57
2020-04-16,DOC_0820,0.0877,0.5224,0.0306,0.2282,2.05
2020-04-20,DOC_0821,-0.0676,0.1641,-0.0324,-0.1557,-0.88
2020-04-22,DOC_0822,0.3586,0.5833,0.1052,0.4056,1.99
2020-04-24,DOC_0823,-0.5748,-0.5126,-1.079,-0.666,-2.59
2020-04-28,DOC_0824,-0.4099,0.0675,-0.888,-0.3965,-3.94
2020-04-30,DOC_0825,0.115,0.3902,0.1765,-0.0976,5.44
2020-05-04,DOC_0826,0.2159,0.8494,0.0282,-0.0018,3.86
2020-05-06,DOC_0827,0.2642,0.6664,0.2271,0.5184,0.03
2020-05-08,DOC_0828,-0.2133,0.054,-0.3022,-0.2713,0.74
2020-05-12,DOC_0829,-0.001,0.1772,-0.2632,-0.1306,-0.5
2020-05-14,DOC_0830,-0.2156,-0.0305,-0.3536,-0.1015,1.67
2020-05-18,DOC_0831,-0.0244,0.1379,-0.4056,0.1147,-1.22
2020-05-20,DOC_0832,0.0185,0.1294,0.0539,0.0963,1.16
2020-05-22,DOC_0833,-0.1542,-0.1208,-0.4588,0.0516,2.36
2020-05-26,DOC_0834,0.3215,0.2509,0.5553,0.3054,-1.11
2020-05-28,DOC_0835,0.3181,-0.0504,0.1406,0.5764,5.79
2020-06-01,DOC_0836,-0.0684,0.2206,-0.2272,-0.311,-3.64
2020-06-03,DOC_0837,0.6224,0.7355,0.6499,0.5342,5.87
2020-06-05,DOC_0838,0.8954,1.0353,0.8582,0.9134,3.39
2020-06-09,DOC_0839,0.0933,0.2871,0.0574,0.0687,0.45
2020-06-11,DOC_0840,-0.6415,-0.724,-0.9254,-0.5232,-0.25
2020-06-15,DOC_0841,-0.3949,-0.0971,-0.4776,-0.4875,1.66
2020-06-17,DOC_0842,-0.3682,-0.0248,-0.8947,-0.1374,1.38
2020-06-19,DOC_0843,0.2261,-0.061,-0.0169,-0.1226,3.28
2020-06-23,DOC_0844,0.1472,0.3606,-0.0177,0.4051,0.54
2020-06-25,DOC_0845,0.8086,0.8659,1.1484,1.0376,3.85
2020-06-29,DOC_0846,0.3134,0.3439,0.4246,0.3321,-1.36
2020-07-01,DOC_0847,-0.0656,0.0283,-0.2846,0.0144,-3.63
2020-07-03,DOC_0848,-0.3901,0.0125,-0.7638,-0.271,-1.58
2020-07-07,DOC_0849,0.0174,0.4103,-0.0325,0.002,3.44
2020-07-09,DOC_0850,0.1838,0.5735,-0.4458,0.1738,2.52
2020-07-13,DOC_0851,0.1528,0.3304,-0.0548,0.4718,1.03
2020-07-15,DOC_0852,-0.3423,0.0029,-0.5164,-0.6588,-1.26
2020-07-17,DOC_0853,-0.9309,-0.2424,-0.8467,-1.2715,-8.9
2020-07-21,DOC_0854,-0.5175,-0.3198,-0.6718,-0.3412,1.66
2020-07-23,DOC_0855,0.242,0.5801,0.0392,0.1625,5.31
2020-07-27,DOC_0856,0.2337,0.3279,0.0042,0.4934,-4.37
2020-07-29,DOC_0857,0.5537,0.6268,0.3272,0.5836,11.76
2020-07-31,DOC_0858,-0.5021,-0.0886,-0.5,-0.3721,1.08
2020-08-04,DOC_0859,-0.3921,-0.108,-0.8241,-0.4152,0.45
2020-08-06,DOC_0860,0.3735,0.5386,0.202,0.0364,-1.15
2020-08-10,DOC_0861,0.5933,0.6588,0.4498,0.7412,2.27
2020-08-12,DOC_0862,0.2334,0.5514,-0.1798,0.1666,-4.24
2020-08-14,DOC_0863,-0.0819,-0.0777,-0.0086,-0.0109,-1.89
2020-08-18,DOC_0864,-0.1619,0.1805,-0.0954,-0.7198,-0.11
2020-08-20,DOC_0865,0.2461,0.2968,0.1095,0.3484,-0.61
2020-08-24,DOC_0866,0.1791,0.4959,-0.2613,0.3822,-0.51
2020-08-26,DOC_0867,-0.096,0.1168,-0.0786,0.0621,1.16
2020-08-28,DOC_0868,-0.3892,0.091,-0.3582,-0.258,0.91
2020-09-01,DOC_0869,1.0,1.1364,0.7304,1.2284,4.26
2020-09-03,DOC_0870,0.8468,1.029,0.386,0.6515,7.04
2020-09-07,DOC_0871,1.0,1.1374,1.0579,0.6813,2.93
2020-09-09,DOC_0872,-0.0116,0.7656,-0.2403,-0.1143,-1.72
2020-09-11,DOC_0873,-0.0277,-0.0593,-0.1363,0.1883,-3.39
2020-09-15,DOC_0874,0.5591,0.478,0.4038,0.8727,3.06
2020-09-17,DOC_0875,0.3922,0.3559,0.3756,-0.0484,4.06
2020-09-21,DOC_0876,0.3067,0.7513,0.2487,0.0808,5.85
2020-09-23,DOC_0877,-0.4697,-0.0261,-0.9253,-0.2467,5.7
2020-09-25,DOC_0878,-0.588,-0.1304,-0.6408,-0.7741,-1.92
2020-09-29,DOC_0879,-0.2092,-0.1546,-0.539,-0.4224,-3.17
2020-10-01,DOC_0880,0.198,-0.0075,0.1532,-0.1048,-1.61
2020-10-05,DOC_0881,0.3615,0.6229,-0.1018,0.0647,4.98
2020-10-07,DOC_0882,0.233,0.3588,-0.0157,0.0183,3.58
2020-10-09,DOC_0883,0.6268,0.8357,0.8559,0.4922,1.41
2020-10-13,DOC_0884,0.6285,0.2086,0.6761,0.4643,4.45
2020-10-15,DOC_0885,-0.2132,-0.1156,-0.3062,-0.3573,-2.71
2020-10-19,DOC_0886,0.4271,0.4287,0.5932,0.3698,0.26
2020-10-21,DOC_0887,0.8897,0.9284,0.7776,0.7311,4.8
2020-10-23,DOC_0888,1.0,1.1375,1.1162,0.7012,6.1
2020-10-27,DOC_0889,-0.256,-0.2128,-0.2655,0.0375,-0.51
2020-10-29,DOC_0890,0.0141,0.2989,-0.5794,0.1283,-1.0
2020-11-02,DOC_0891,-0.4898,-0.1806,-0.7761,-0.2759,-8.0
2020-11-04,DOC_0892,-0.7477,-0.5925,-0.9342,-0.7697,-0.19
2020-11-06,DOC_0893,-0.9245,-0.7794,-1.153,-0.6633,-1.8
2020-11-10,DOC_0894,-0.6935,-0.4596,-0.7502,-0.7661,-4.24
2020-11-12,DOC_0895,0.0341,-0.0303,-0.3217,0.141,0.66
2020-11-16,DOC_0896,0.2317,0.6083,0.264,0.0627,-2.85
2020-11-18,DOC_0897,0.5432,0.5608,0.2467,0.5112,0.4
2020-11-20,DOC_0898,0.387,0.2615,0.2206,0.5171,2.78
2020-11-24,DOC_0899,-0.0488,0.0778,0.207,-0.1116,-4.04
2020-11-26,DOC_0900,0.2002,0.3168,-0.0112,0.4239,4.03
2020-11-30,DOC_0901,0.3624,0.7473,0.1878,0.4617,6.05
2020-12-02,DOC_0902,-0.9016,-0.5935,-0.8772,-0.6787,-2.37
2020-12-04,DOC_0903,0.0016,-0.0061,-0.1892,-0.0184,1.82
2020-12-08,DOC_0904,0.1445,0.3083,0.015,-0.0423,4.88
2020-12-10,DOC_0905,-0.7672,-0.4772,-0.926,-0.7092,-3.47
2020-12-14,DOC_0906,-1.0,-0.5682,-1.3467,-0.9797,-7.51
2020-12-16,DOC_0907,-0.8866,-0.7946,-1.0896,-0.8528,-8.87
2020-12-18,DOC_0908,-0.4764,-0.4028,-0.3494,-0.0618,3.57
2020-12-22,DOC_0909,-0.3077,-0.1624,-0.5272,-0.3306,-3.65
2020-12-24,DOC_0910,1.0,0.4699,1.0184,0.9014,4.73
2020-12-28,DOC_0911,0.5228,0.5633,0.381,1.0679,1.43
2020-12-30,DOC_0912,0.8075,0.6573,0.8558,0.8198,6.43
2021-01-01,DOC_0913,0.5696,0.7126,0.5567,0.6611,5.84
2021-01-05,DOC_0914,-0.4402,-0.2347,-0.9574,-0.2896,-4.04
2021-01-07,DOC_0915,-0.5617,0.1385,-0.9508,-0.015,-3.52
2021-01-11,DOC_0916,-0.1743,0.116,-0.6391,0.024,-7.43
2021-01-13,DOC_0917,-0.247,-0.1473,-0.2531,-0.1057,-8.33
2021-01-15,DOC_0918,0.3795,0.2673,0.221,0.0822,1.58
2021-01-19,DOC_0919,0.2451,0.3399,-0.1307,0.2091,-3.77
2021-01-21,DOC_0920,0.4375,0.4832,0.4547,0.5581,2.8
2021-01-25,DOC_0921,0.1139,0.1644,0.0258,0.174,0.9
2021-01-27,DOC_0922,-0.3758,0.1248,-0.8522,-0.0545,-2.35
2021-01-29,DOC_0923,-0.2577,-0.1512,-0.2981,0.168,-6.21
2021-02-02,DOC_0924,-0.1757,-0.2077,-0.1973,0.0118,-2.25
2021-02-04,DOC_0925,-0.3813,-0.0904,-0.8877,-0.591,0.06
2021-02-08,DOC_0926,-0.3509,-0.076,-0.2715,0.1526,-2.62
2021-02-10,DOC_0927,-1.0,-0.8542,-1.0357,-0.8133,-2.4
2021-02-12,DOC_0928,-0.1285,0.3393,-0.417,-0.1782,4.36
2021-02-16,DOC_0929,0.1382,0.3445,0.0421,0.0098,3.6
2021-02-18,DOC_0930,-0.5142,-0.2401,-1.0965,-0.5898,-3.05
2021-02-22,DOC_0931,-0.8504,-0.2278,-0.7266,-0.5722,-6.12
2021-02-24,DOC_0932,0.2591,0.1374,0.0832,0.1223,3.03
2021-02-26,DOC_0933,0.7877,0.758,0.9703,1.0726,8.07
2021-03-02,DOC_0934,0.1855,0.3005,0.1514,0.1671,-0.79
2021-03-04,DOC_0935,-0.3158,0.1228,-1.0063,-0.3264,0.35
2021-03-08,DOC_0936,0.5055,0.3982,0.2003,0.6212,4.58
2021-03-10,DOC_0937,-0.2367,0.1654,-0.5789,-0.1704,-1.28
2021-03-12,DOC_0938,-0.266,0.0044,-0.2614,-0.2119,1.87
2021-03-16,DOC_0939,0.7413,1.2038,0.7826,0.8187,-0.52
2021-03-18,DOC_0940,1.0,1.1133,0.896,0.8928,-1.69
2021-03-22,DOC_0941,0.3563,0.2823,-0.0353,0.5741,5.19
2021-03-24,DOC_0942,0.2373,0.23,0.0371,0.1707,3.75
2021-03-26,DOC_0943,0.1181,0.4148,-0.0456,0.0779,-0.47
2021-03-30,DOC_0944,-0.0905,0.1407,-0.203,0.165,-1.0
2021-04-01,DOC_0945,-0.3922,0.0248,-0.8675,-0.1648,1.03
2021-04-05,DOC_0946,0.4204,0.5158,0.3395,0.4374,2.51
2021-04-07,DOC_0947,0.3677,0.7868,0.4041,0.1463,6.72
2021-04-09,DOC_0948,-0.2448,-0.2943,-0.2713,-0.1514,3.73
2021-04-13,DOC_0949,0.3389,0.7262,0.2166,0.6163,-1.74
2021-04-15,DOC_0950,0.6264,0.5829,0.5852,0.5642,5.86
2021-04-19,DOC_0951,0.7239,1.0595,0.3873,0.7166,1.57
2021-04-21,DOC_0952,0.5666,0.4254,0.5259,1.0413,1.56
2021-04-23,DOC_0953,0.1778,0.2029,-0.0617,0.6341,6.24
2021-04-27,DOC_0954,-0.6583,-0.6077,-1.022,-0.8432,0.03
2021-04-29,DOC_0955,0.5168,0.846,0.589,0.4795,3.19
2021-05-03,DOC_0956,0.0206,0.1527,-0.3417,0.012,3.36
2021-05-05,DOC_0957,0.5233,0.5791,0.3678,0.503,3.79
2021-05-07,DOC_0958,0.351,0.3263,0.3228,0.3379,-2.33
2021-05-11,DOC_0959,0.6406,1.153,0.4967,0.9458,0.86
2021-05-13,DOC_0960,0.2121,0.8433,0.1176,0.3869,2.94
2021-05-17,DOC_0961,0.1944,0.232,0.4464,0.3125,4.09
2021-05-19,DOC_0962,0.1453,0.1485,-0.046,0.0846,0.26
2021-05-21,DOC_0963,0.4815,0.751,0.6434,0.5005,2.48
2021-05-25,DOC_0964,-0.4351,-0.3344,-0.4577,-0.2477,-1.57
2021-05-27,DOC_0965,-0.2787,0.0191,-0.4357,-0.3368,-4.02
2021-05-31,DOC_0966,-0.0804,0.2828,-0.2975,-0.1134,-2.32
2021-06-02,DOC_0967,-0.8413,0.1144,-1.1927,-0.5845,-1.38
2021-06-04,DOC_0968,0.4898,0.7766,0.2147,0.7206,-1.36
2021-06-08,DOC_0969,0.287,0.4208,0.3595,0.1767,0.6
2021-06-10,DOC_0970,0.0134,-0.1005,0.0916,0.042,2.71
2021-06-14,DOC_0971,-0.9637,-0.6492,-1.2335,-1.1371,-5.04
2021-06-16,DOC_0972,-0.6524,-0.3088,-1.3655,-0.6041,-4.26
2021-06-18,DOC_0973,-0.6138,0.0105,-0.6531,-0.3276,-1.09
2021-06-22,DOC_0974,0.0292,0.3918,-0.3726,-0.2426,1.12
2021-06-24,DOC_0975,0.1402,0.3254,-0.2028,0.1181,5.68
2021-06-28,DOC_0976,0.5785,0.8933,0.639,0.8647,4.04
2021-06-30,DOC_0977,-0.3471,0.1434,-0.8874,-0.0552,-6.38
2021-07-02,DOC_0978,-1.0,-0.8241,-1.1969,-0.9729,-5.71
2021-07-06,DOC_0979,-0.5029,-0.3493,-0.6013,-0.3484,-0.45
2021-07-08,DOC_0980,-0.8514,-0.7523,-1.0716,-0.8863,1.06
2021-07-12,DOC_0981,-0.9124,-0.391,-1.0277,-0.5551,-4.16
2021-07-14,DOC_0982,-0.7385,-0.2599,-0.9409,-0.4637,1.72
2021-07-16,DOC_0983,-0.2769,0.0491,-0.6012,-0.4098,4.47
2021-07-20,DOC_0984,-0.4598,-0.3589,-0.5266,-0.4169,-7.73
2021-07-22,DOC_0985,-0.9092,-0.3655,-1.1886,-0.966,-3.8
2021-07-26,DOC_0986,0.013,0.0886,0.0587,-0.2684,-1.8
2021-07-28,DOC_0987,-0.5084,-0.1753,-0.6964,-0.5178,-1.49
2021-07-30,DOC_0988,-0.4881,-0.5861,-0.5164,-0.5461,-3.44
2021-08-03,DOC_0989,-0.4043,-0.3549,-0.8244,-0.3068,-3.13
2021-08-05,DOC_0990,0.2789,0.2738,0.3433,0.6123,1.06
2021-08-09,DOC_0991,-0.0181,0.0336,-0.1324,-0.136,2.42
2021-08-11,DOC_0992,-0.0573,0.1836,-0.2032,-0.2583,-4.88
2021-08-13,DOC_0993,-0.2583,-0.0733,-0.6663,-0.0324,-0.89
2021-08-17,DOC_0994,-0.2952,0.0386,-0.4613,-0.1386,-6.62
2021-08-19,DOC_0995,0.435,0.7503,0.0015,0.5731,6.41
2021-08-23,DOC_0996,0.9657,0.722,1.3158,1.1281,5.74
2021-08-25,DOC_0997,0.3894,0.5702,0.037,0.3292,-1.02
2021-08-27,DOC_0998,-0.375,0.2791,-0.5466,-0.2265,-3.24
2021-08-31,DOC_0999,-0.0072,0.0865,-0.2432,0.1015,5.98
2021-09-02,DOC_1000,0.2463,0.5295,-0.094,0.1777,-1.55
2021-09-06,DOC_1001,0.5706,0.7553,0.4593,0.4404,-0.47
2021-09-08,DOC_1002,1.0,1.0215,0.9024,0.955,8.66
2021-09-10,DOC_1003,0.0984,0.3272,-0.385,0.514,4.29
2021-09-14,DOC_1004,0.1842,0.8314,0.3099,0.2911,0.11
2021-09-16,DOC_1005,0.1282,0.5664,-0.2972,0.21,4.39
2021-09-20,DOC_1006,0.455,0.6355,0.6601,0.5595,5.15
2021-09-22,DOC_1007,0.1966,0.3086,-0.0251,-0.1797,-2.37
2021-09-24,DOC_1008,-0.4699,-0.1352,-0.8488,-0.3979,-0.25
2021-09-28,DOC_1009,-0.7337,-0.369,-0.8055,-0.8998,-3.84
2021-09-30,DOC_1010,-0.5136,-0.0326,-0.5145,0.021,-1.17
2021-10-04,DOC_1011,-0.0058,0.1872,0.0259,0.2661,1.92
2021-10-06,DOC_1012,0.5951,0.4015,0.2219,0.6739,2.52
2021-10-08,DOC_1013,-0.144,-0.1745,-0.0858,-0.0954,0.19
2021-10-12,DOC_1014,-0.1132,-0.119,-0.7462,0.3272,0.07
2021-10-14,DOC_1015,-0.2268,0.0076,-0.1613,-0.4679,-3.46
2021-10-18,DOC_1016,0.4099,0.6137,0.2302,0.4972,1.62
2021-10-20,DOC_1017,-0.1725,0.3879,-0.5348,-0.2401,-5.97
2021-10-22,DOC_1018,-0.0732,-0.0837,-0.2621,0.1755,-0.07
2021-10-26,DOC_1019,-0.1876,-0.6819,-0.3222,0.0893,-0.39
2021-10-28,DOC_1020,0.052,0.325,-0.2883,0.1279,2.23
2021-11-01,DOC_1021,0.2483,0.7957,-0.1096,0.4019,2.37
2021-11-03,DOC_1022,0.131,-0.0239,-0.0153,0.1428,8.57
2021-11-05,DOC_1023,-0.9299,-0.7287,-1.1619,-0.5386,-4.83
2021-11-09,DOC_1024,-0.3353,-0.1298,-0.1553,-0.4184,-0.55
2021-11-11,DOC_1025,-0.1829,0.1249,-0.199,-0.4517,0.36
2021-11-15,DOC_1026,-0.1066,0.189,-0.291,0.0375,-2.78
2021-11-17,DOC_1027,-0.8085,-0.5923,-0.7614,-0.6893,-2.78
2021-11-19,DOC_1028,-0.6093,-0.5578,-0.5341,-0.538,-10.72
2021-11-23,DOC_1029,-0.2057,0.2113,-0.2678,-0.0641,4.84
2021-11-25,DOC_1030,0.4839,0.6894,0.4733,0.4432,2.63
2021-11-29,DOC_1031,0.624,0.9693,0.4552,0.4222,5.11
2021-12-01,DOC_1032,0.8394,0.6949,1.1508,0.7661,7.87
2021-12-03,DOC_1033,0.8642,0.9592,0.7462,0.8387,-1.19
2021-12-07,DOC_1034,-0.7137,-0.4592,-1.0254,-0.8077,2.88
2021-12-09,DOC_1035,-0.4918,-0.5173,-0.2929,-0.7497,-3.15
2021-12-13,DOC_1036,-0.2353,-0.0427,-0.4019,-0.1295,-1.27
2021-12-15,DOC_1037,-0.1248,0.449,-0.6487,-0.2826,1.64
2021-12-17,DOC_1038,-0.5865,-0.6015,-0.8528,-0.4377,-4.95
2021-12-21,DOC_1039,-0.9634,-0.6848,-0.9887,-0.8278,-0.57
2021-12-23,DOC_1040,-0.327,0.1699,-0.4292,-0.4444,-4.07
2021-12-27,DOC_1041,-0.5791,-0.1976,-0.7258,-0.3772,1.1
2021-12-29,DOC_1042,-0.7668,-0.5383,-1.0988,-0.9632,-3.0
2021-12-31,DOC_1043,-1.0,-1.1152,-1.3373,-0.7174,-2.91
2022-01-04,DOC_1044,-0.7543,-0.637,-0.996,-0.6615,-0.32
2022-01-06,DOC_1045,-0.3945,-0.2111,-0.923,-0.146,2.18
2022-01-10,DOC_1046,-0.3554,-0.5394,-0.1762,-0.426,0.45
2022-01-12,DOC_1047,-0.3425,-0.0686,-0.6887,-0.0802,-3.2
2022-01-14,DOC_1048,-1.0,-0.6161,-1.5,-0.7057,-1.89
2022-01-18,DOC_1049,0.2021,0.4764,0.1438,-0.0387,-0.79
2022-01-20,DOC_1050,0.6499,0.3817,0.7559,0.5254,-0.48
2022-01-24,DOC_1051,-0.3221,0.207,-0.3182,-0.2404,-5.21
2022-01-26,DOC_1052,-0.401,-0.2965,-0.3923,-0.3294,-5.2
2022-01-28,DOC_1053,0.5422,0.515,0.2947,0.374,3.23
2022-02-01,DOC_1054,0.0289,0.1563,-0.1063,-0.1321,1.79
2022-02-03,DOC_1055,0.3299,0.3932,-0.243,0.1333,-6.11
2022-02-07,DOC_1056,0.3131,0.6054,0.2426,0.145,0.58
2022-02-09,DOC_1057,-0.4601,-0.4129,-0.7618,-0.5291,-4.23
2022-02-11,DOC_1058,-0.0047,0.3661,0.1459,0.2435,3.26
2022-02-15,DOC_1059,0.2382,0.4356,-0.095,0.4394,1.97
2022-02-17,DOC_1060,0.7101,1.1458,0.4966,0.8361,-0.38
2022-02-21,DOC_1061,0.5022,0.6586,0.3497,0.6934,4.69
2022-02-23,DOC_1062,-0.8113,-0.5789,-0.6336,-0.991,1.68
2022-02-25,DOC_1063,-0.0237,-0.0236,-0.4732,0.0469,-4.61
2022-03-01,DOC_1064,-0.1879,0.1235,-0.4549,-0.5938,4.23
2022-03-03,DOC_1065,-0.0168,0.0127,-0.1327,-0.1243,2.27
2022-03-07,DOC_1066,-0.0579,0.1654,-0.5179,-0.0099,0.54
2022-03-09,DOC_1067,-0.0009,0.3268,-0.2173,-0.0266,0.06
2022-03-11,DOC_1068,-0.1566,0.0881,-0.2535,-0.3004,-1.82
2022-03-15,DOC_1069,-0.3448,-0.0736,-0.6937,-0.2917,-0.15
2022-03-17,DOC_1070,0.3721,0.2785,0.252,0.6186,0.2
2022-03-21,DOC_1071,-0.0015,0.3325,0.0977,0.2439,3.24
2022-03-23,DOC_1072,0.0741,0.3913,0.3083,-0.0862,3.62
2022-03-25,DOC_1073,0.3751,0.2014,0.1861,0.3009,0.35
2022-03-29,DOC_1074,0.7271,0.5471,0.7601,0.5589,3.32
2022-03-31,DOC_1075,0.5834,0.4407,0.3967,0.2716,1.73
2022-04-04,DOC_1076,0.718,1.0218,0.5174,0.3604,3.65
2022-04-06,DOC_1077,0.4724,0.441,0.1448,0.7325,3.55
2022-04-08,DOC_1078,-0.3501,-0.1944,-0.4867,-0.2444,-1.36
2022-04-12,DOC_1079,-0.2553,-0.0846,-0.3801,-0.3922,-0.22
2022-04-14,DOC_1080,0.9725,0.9653,0.8778,1.0434,10.24
2022-04-18,DOC_1081,0.1092,-0.0191,-0.1516,0.2694,3.65
2022-04-20,DOC_1082,0.2848,0.522,0.2977,0.2014,0.48
2022-04-22,DOC_1083,0.3302,0.7922,0.5348,0.2681,0.66
2022-04-26,DOC_1084,-0.5504,-0.4292,-0.4901,-0.4909,-6.22
2022-04-28,DOC_1085,0.5023,0.6024,0.3202,0.5451,5.48
2022-05-02,DOC_1086,0.2536,0.5699,0.3182,0.3223,-1.39
2022-05-04,DOC_1087,0.0088,0.3359,0.0624,-0.0407,0.41
2022-05-06,DOC_1088,0.1704,0.1368,0.462,-0.1058,2.29
2022-05-10,DOC_1089,-0.5763,-0.4057,-0.8789,-0.7487,-8.76
2022-05-12,DOC_1090,-0.2924,0.2128,-0.5846,-0.0589,-6.6
2022-05-16,DOC_1091,-0.0833,-0.2612,-0.0744,0.0571,-2.82
2022-05-18,DOC_1092,0.0642,0.095,-0.2609,-0.0815,-0.63
2022-05-20,DOC_1093,0.4474,0.6329,0.4776,0.3132,0.09
2022-05-24,DOC_1094,0.7031,0.6128,0.694,0.6354,1.49
2022-05-26,DOC_1095,0.8707,0.9208,0.8617,0.6645,7.12
2022-05-30,DOC_1096,0.2218,0.3386,-0.0446,0.2752,1.79
2022-06-01,DOC_1097,0.4546,0.474,0.3833,0.1099,2.78
2022-06-03,DOC_1098,-0.4124,0.0935,-0.7348,-0.5677,-2.45
2022-06-07,DOC_1099,-0.6718,-0.3507,-0.6906,-0.4967,-6.01
2022-06-09,DOC_1100,0.2502,-0.0819,0.3758,0.0789,1.4
2022-06-13,DOC_1101,0.3136,0.3489,0.2807,0.2706,8.02
2022-06-15,DOC_1102,0.5419,0.3324,0.2421,0.7043,3.65
2022-06-17,DOC_1103,0.7328,0.7748,1.0314,0.7617,4.15
2022-06-21,DOC_1104,0.135,0.1728,0.3222,0.125,0.37
2022-06-23,DOC_1105,0.655,0.7405,0.5085,0.338,2.62
2022-06-27,DOC_1106,0.3541,0.6308,0.3815,0.4641,1.84
2022-06-29,DOC_1107,0.0306,0.2007,-0.2452,0.0609,0.42
2022-07-01,DOC_1108,0.4094,0.4266,0.7685,-0.0517,-0.89
2022-07-05,DOC_1109,0.1148,0.5458,0.0292,0.2246,5.07
2022-07-07,DOC_1110,0.2251,0.7507,-0.3458,0.3727,0.24
2022-07-11,DOC_1111,1.0,1.2182,1.1333,0.8734,3.41
2022-07-13,DOC_1112,0.388,0.1081,0.3843,0.3678,6.31
2022-07-15,DOC_1113,0.0809,0.0408,-0.1955,-0.3682,-2.34
2022-07-19,DOC_1114,0.0232,0.5261,-0.088,-0.1836,-1.5
2022-07-21,DOC_1115,0.2069,0.4181,0.2095,0.1086,-0.06
2022-07-25,DOC_1116,0.5408,0.7698,0.3855,0.5064,1.61
2022-07-27,DOC_1117,-0.3012,-0.0309,-0.8705,-0.1308,-0.75
2022-07-29,DOC_1118,0.8745,0.7693,0.5519,0.4493,0.99
2022-08-02,DOC_1119,-0.0474,0.0008,0.0026,-0.3427,-2.98
2022-08-04,DOC_1120,0.158,0.6398,0.1043,0.358,-3.06
2022-08-08,DOC_1121,-0.1558,0.1735,-0.1186,0.2588,4.33
2022-08-10,DOC_1122,-0.6697,-0.4885,-0.9087,-0.5308,-4.46
2022-08-12,DOC_1123,0.0566,0.0895,-0.1771,0.2802,2.64
2022-08-16,DOC_1124,-0.0597,-0.2117,-0.2299,0.028,-4.57
2022-08-18,DOC_1125,0.5808,0.5802,0.4247,0.6446,1.98
2022-08-22,DOC_1126,0.2003,0.1611,0.1624,0.3474,1.95
2022-08-24,DOC_1127,-0.1901,-0.0813,-0.2032,-0.167,2.16
2022-08-26,DOC_1128,0.0177,0.0972,-0.0943,-0.0738,-2.56
2022-08-30,DOC_1129,-0.0661,-0.0039,-0.687,-0.0557,0.92
2022-09-01,DOC_1130,-0.3507,0.1314,-0.5657,-0.2451,-4.11
2022-09-05,DOC_1131,-1.0,-0.482,-1.4406,-0.4881,-5.37
2022-09-07,DOC_1132,-0.5322,-0.1393,-0.8963,-0.579,-3.05
2022-09-09,DOC_1133,-0.2865,0.1371,-0.3698,0.0385,-6.42
2022-09-13,DOC_1134,-0.137,0.0542,-0.3197,-0.0106,-3.4
2022-09-15,DOC_1135,-0.2579,0.3557,-0.7624,-0.1667,-4.04
2022-09-19,DOC_1136,-0.2008,0.1821,-0.3181,-0.2616,-0.56
2022-09-21,DOC_1137,-0.5993,-0.2789,-0.9368,-0.3894,-0.4
2022-09-23,DOC_1138,-1.0,-0.8644,-1.2142,-0.9624,-4.39
2022-09-27,DOC_1139,-0.5355,-0.3941,-1.0312,-0.4379,-3.77
2022-09-29,DOC_1140,-0.2216,-0.1769,-0.2731,-0.0444,-1.36
2022-10-03,DOC_1141,0.7706,1.0679,0.9248,0.9629,9.73
2022-10-05,DOC_1142,0.4437,0.5404,0.1311,0.3258,3.97
2022-10-07,DOC_1143,0.4622,1.2138,0.3854,0.4496,8.55
2022-10-11,DOC_1144,0.2393,0.2877,-0.1911,0.457,0.34
2022-10-13,DOC_1145,-0.4561,-0.1562,-0.6936,-0.8411,-0.83
2022-10-17,DOC_1146,-0.3425,-0.1288,-0.6658,-0.2441,0.52
2022-10-19,DOC_1147,0.5557,0.7437,0.4812,0.4246,7.58
2022-10-21,DOC_1148,0.7873,1.0154,0.8262,0.7635,1.14
2022-10-25,DOC_1149,0.7064,0.9931,0.8094,1.0236,1.78
2022-10-27,DOC_1150,1.0,1.0872,1.2139,0.9171,7.34
2022-10-31,DOC_1151,0.3002,0.5563,0.2757,0.2793,-1.46
2022-11-02,DOC_1152,0.4926,0.2522,0.321,0.5631,-1.18
2022-11-04,DOC_1153,0.3601,0.4477,0.3259,0.4272,1.37
2022-11-08,DOC_1154,0.9341,0.8701,0.6311,0.9452,4.96
2022-11-10,DOC_1155,1.0,1.027,1.1368,0.7957,3.13
2022-11-14,DOC_1156,-0.162,0.0498,-0.0999,-0.2757,5.02
2022-11-16,DOC_1157,-0.2229,0.1133,-0.3716,-0.4071,0.31
2022-11-18,DOC_1158,-0.7537,-0.498,-1.1775,-0.3258,-2.37
2022-11-22,DOC_1159,-0.6258,-0.0113,-1.0449,-0.5938,-0.62
2022-11-24,DOC_1160,-0.258,-0.1168,-0.5022,-0.1741,0.86
2022-11-28,DOC_1161,0.2047,0.1199,-0.5752,0.5034,1.02
2022-11-30,DOC_1162,-0.3292,-0.0452,-0.4674,0.025,-7.56
2022-12-02,DOC_1163,0.3079,0.4278,-0.0431,0.4302,0.31
2022-12-06,DOC_1164,0.1799,0.3413,-0.1134,0.3091,1.06
2022-12-08,DOC_1165,0.5182,0.7924,0.5212,0.4801,2.22
2022-12-12,DOC_1166,0.5177,0.4882,0.5625,0.4353,1.91
2022-12-14,DOC_1167,0.3624,0.75,0.244,0.6255,2.39
2022-12-16,DOC_1168,0.703,1.1086,0.6279,0.5781,3.58
2022-12-20,DOC_1169,0.4777,0.6423,0.3215,0.5875,4.57
2022-12-22,DOC_1170,0.0272,0.0439,-0.053,-0.0645,0.53
2022-12-26,DOC_1171,-0.124,0.1285,-0.1294,-0.069,-0.12
2022-12-28,DOC_1172,0.2641,0.6882,0.091,0.4383,-3.13
2022-12-30,DOC_1173,0.3475,0.4744,0.2963,0.3308,3.68
2023-01-03,DOC_1174,0.718,0.9709,0.7237,0.8531,2.93
2023-01-05,DOC_1175,0.2834,0.2676,0.1453,0.6361,0.98
2023-01-09,DOC_1176,0.596,0.6112,0.6772,0.4639,2.21
2023-01-11,DOC_1177,1.0,0.9975,1.0477,0.8287,2.59
2023-01-13,DOC_1178,0.7916,0.4731,0.1948,0.9282,2.88
2023-01-17,DOC_1179,0.2132,0.3592,0.0286,0.2268,2.36
2023-01-19,DOC_1180,0.4117,0.4062,0.469,1.0864,4.43
2023-01-23,DOC_1181,-0.1898,-0.3292,-0.6295,-0.1356,-2.24
2023-01-25,DOC_1182,0.4602,0.6927,0.3088,0.4698,-0.37
2023-01-27,DOC_1183,0.0601,0.2051,-0.1568,0.0204,-2.14
2023-01-31,DOC_1184,-0.6124,-0.3179,-1.0262,-0.3656,1.64
2023-02-02,DOC_1185,-0.1805,0.196,-0.115,0.0127,1.07
2023-02-06,DOC_1186,0.3664,0.279,0.2378,0.362,5.64
2023-02-08,DOC_1187,0.7616,0.4999,0.5907,0.9232,7.42
2023-02-10,DOC_1188,0.2047,0.8672,0.0543,0.2391,2.88
2023-02-14,DOC_1189,0.1101,0.7441,-0.0791,0.3056,0.21
2023-02-16,DOC_1190,-0.0359,0.1912,-0.135,0.298,1.32
2023-02-20,DOC_1191,-0.4451,0.2961,-0.6129,-0.1638,3.52
2023-02-22,DOC_1192,0.1085,0.3173,-0.1259,0.3232,-0.1
2023-02-24,DOC_1193,0.0534,0.1675,0.1193,-0.1503,-6.15
2023-02-28,DOC_1194,0.3914,0.3835,0.1127,0.5572,1.44
2023-03-02,DOC_1195,0.298,0.3659,-0.0218,0.1574,6.93
2023-03-06,DOC_1196,0.9483,1.1566,0.9946,0.9882,0.38
2023-03-08,DOC_1197,0.1656,0.2558,0.0589,0.5627,-2.07
2023-03-10,DOC_1198,-0.0355,-0.0535,-0.2116,0.081,-3.16
2023-03-14,DOC_1199,-0.402,-0.0905,-0.3367,0.0437,0.08
2023-03-16,DOC_1200,-0.233,-0.2236,-0.6961,-0.2182,0.73
2023-03-20,DOC_1201,0.0507,-0.1495,0.0752,-0.0686,-1.51
2023-03-22,DOC_1202,0.0625,0.2961,0.0111,0.1144,-1.05
2023-03-24,DOC_1203,-0.312,-0.1084,-0.6364,-0.9213,1.5
2023-03-28,DOC_1204,0.78,0.8269,0.5988,0.6466,-2.47
2023-03-30,DOC_1205,-0.2469,-0.2068,-0.529,-0.8642,0.25
2023-04-03,DOC_1206,0.2813,0.3946,0.641,0.3534,0.37
2023-04-05,DOC_1207,0.4445,0.9463,0.3099,0.574,-2.56
2023-04-07,DOC_1208,-0.0828,-0.1026,-0.3036,-0.1183,-2.09
2023-04-11,DOC_1209,0.7957,0.4762,0.5399,0.9114,5.65
2023-04-13,DOC_1210,0.4759,0.5234,0.5562,0.44,5.91
2023-04-17,DOC_1211,0.578,0.7722,0.4697,0.5878,1.25
2023-04-19,DOC_1212,0.7029,0.8303,0.5953,0.647,0.58
2023-04-21,DOC_1213,0.1483,0.5334,0.2628,-0.2127,1.22
2023-04-25,DOC_1214,0.3531,0.7293,0.1322,0.7385,3.16
2023-04-27,DOC_1215,0.046,0.199,-0.1851,0.0574,-1.07
2023-05-01,DOC_1216,0.1316,0.3861,0.1489,-0.147,-0.79
2023-05-03,DOC_1217,0.3378,0.4305,0.5966,0.1944,0.61
2023-05-05,DOC_1218,0.4527,0.7249,0.3846,0.4326,4.36
2023-05-09,DOC_1219,-0.2759,0.071,-0.3361,-0.0436,-2.7
2023-05-11,DOC_1220,-0.0641,-0.0014,-0.0063,-0.0671,1.96
2023-05-15,DOC_1221,0.4096,0.2579,0.1859,0.4534,-1.92
2023-05-17,DOC_1222,-0.3226,0.0131,-0.4235,-0.0159,-7.29
2023-05-19,DOC_1223,-0.0503,0.5547,-0.0222,0.4582,1.0
2023-05-23,DOC_1224,0.0241,0.45,-0.4684,0.1535,-0.09
2023-05-25,DOC_1225,-0.2079,0.0638,-0.172,-0.1267,0.48
2023-05-29,DOC_1226,0.5632,0.7122,0.5672,0.2135,4.74
2023-05-31,DOC_1227,0.7986,0.8596,0.4334,0.8152,3.14
2023-06-02,DOC_1228,-0.4045,-0.0253,-0.8295,-0.2795,-1.16
2023-06-06,DOC_1229,-0.5486,-0.1195,-0.7597,-0.0244,-3.3
2023-06-08,DOC_1230,-0.4611,-0.426,-0.6913,-0.5104,-1.21
2023-06-12,DOC_1231,-0.3843,-0.1332,-0.6065,-0.1703,-0.11
2023-06-14,DOC_1232,0.2618,0.2018,0.2636,0.2044,2.09
2023-06-16,DOC_1233,0.1174,0.4133,-0.0854,0.2647,-1.01
2023-06-20,DOC_1234,0.7496,0.8659,1.1293,0.7381,0.61
2023-06-22,DOC_1235,-0.2903,-0.4281,-0.6911,-0.4941,-3.22
2023-06-26,DOC_1236,-0.4191,-0.2502,-0.8234,-0.2763,-4.0
2023-06-28,DOC_1237,-0.1231,-0.0348,-0.4486,-0.3406,2.52
2023-06-30,DOC_1238,0.3061,0.3838,0.0889,0.3576,1.65
2023-07-04,DOC_1239,0.5902,0.9908,0.2787,0.765,6.27
2023-07-06,DOC_1240,0.5228,0.5739,0.2357,0.3599,4.65
2023-07-10,DOC_1241,0.0272,0.2053,-0.2298,-0.38,0.07
2023-07-12,DOC_1242,-0.9041,-0.4672,-0.8706,-0.67,-7.0
2023-07-14,DOC_1243,-0.5131,-0.1349,-0.8923,-0.4529,-3.29
2023-07-18,DOC_1244,-0.172,0.3066,-0.3801,0.0531,8.78
2023-07-20,DOC_1245,0.4373,0.6374,0.4404,0.0633,2.17
2023-07-24,DOC_1246,-0.3099,0.1273,-0.3142,-0.0485,-0.26
2023-07-26,DOC_1247,-0.3866,-0.3661,-0.2009,-0.7913,-2.33
2023-07-28,DOC_1248,-0.01,0.2751,-0.0065,-0.1552,1.27
2023-08-01,DOC_1249,0.294,0.4636,-0.0932,0.2066,-0.62
2023-08-03,DOC_1250,0.25,0.2533,-0.2279,0.5008,1.08
2023-08-07,DOC_1251,0.4495,0.6215,0.5118,0.2009,-0.11
2023-08-09,DOC_1252,0.3722,0.455,0.7376,0.1861,3.51
2023-08-11,DOC_1253,0.7585,0.6322,0.7686,0.7444,4.56
2023-08-15,DOC_1254,-0.0414,0.2653,0.1454,0.0101,-1.33
2023-08-17,DOC_1255,-0.2709,-0.2095,-0.2053,-0.5495,-0.29
2023-08-21,DOC_1256,0.3398,0.4762,0.1819,-0.0701,-0.42
2023-08-23,DOC_1257,0.6005,0.8811,0.5733,0.6168,-0.56
2023-08-25,DOC_1258,-0.0652,0.4428,-0.4947,0.1089,-0.4
2023-08-29,DOC_1259,0.1326,0.4648,-0.0607,-0.1988,-1.45
2023-08-31,DOC_1260,-0.4552,-0.2766,-0.3714,-0.3981,-1.59
2023-09-04,DOC_1261,-1.0,-0.7046,-1.5,-1.2155,-3.37
2023-09-06,DOC_1262,0.0749,0.3056,-0.0607,0.0373,-0.89
2023-09-08,DOC_1263,0.2599,-0.095,-0.0221,0.2243,-2.02
2023-09-12,DOC_1264,0.2616,0.4306,0.0177,0.2299,2.97
2023-09-14,DOC_1265,0.3596,0.2802,-0.1429,0.3117,0.4
2023-09-18,DOC_1266,-0.7174,-0.4646,-1.1224,-0.6075,-3.57
2023-09-20,DOC_1267,-0.002,0.177,-0.1136,0.1867,-1.57
2023-09-22,DOC_1268,0.166,0.214,0.2639,0.1516,5.09
2023-09-26,DOC_1269,-0.4771,-0.3802,-0.352,-0.1802,-2.8
2023-09-28,DOC_1270,-0.0855,0.0208,-0.1611,0.1017,-2.87
2023-10-02,DOC_1271,0.0715,0.3839,-0.2889,0.2923,-1.59
2023-10-04,DOC_1272,0.348,0.5708,0.1542,-0.0162,2.08
2023-10-06,DOC_1273,0.5736,1.0029,0.4394,0.7016,1.77
2023-10-10,DOC_1274,0.931,0.9086,0.7809,0.9069,4.7
2023-10-12,DOC_1275,1.0,1.018,1.422,0.9009,-1.56
2023-10-16,DOC_1276,0.3079,0.3897,0.2223,0.2503,-5.62
2023-10-18,DOC_1277,-0.5214,-0.1285,-0.7922,-0.3321,-0.01
2023-10-20,DOC_1278,-0.4695,-0.0663,-0.4511,-0.1265,-2.51
2023-10-24,DOC_1279,-0.4923,-0.0899,-0.7811,-0.2986,-3.47
2023-10-26,DOC_1280,-1.0,-0.6672,-1.4324,-1.0876,-5.19
2023-10-30,DOC_1281,-0.674,-0.4927,-0.8468,-0.7436,-3.39
2023-11-01,DOC_1282,-0.5368,-0.3355,-0.5041,-0.8044,0.75
2023-11-03,DOC_1283,0.344,0.5447,0.0175,0.5652,3.82
2023-11-07,DOC_1284,-0.006,-0.0213,-0.1719,0.0338,0.14
2023-11-09,DOC_1285,-0.2986,-0.3912,-0.6077,-0.2643,-1.06
2023-11-13,DOC_1286,0.457,0.3965,0.496,0.5248,3.22
2023-11-15,DOC_1287,-0.3228,0.0298,-0.6049,-0.1701,-1.73
2023-11-17,DOC_1288,-0.103,0.0869,-0.0048,-0.0901,-2.43
2023-11-21,DOC_1289,0.7185,1.0049,0.8667,0.8482,1.42
2023-11-23,DOC_1290,0.7165,0.7333,0.7396,0.8211,4.91
2023-11-27,DOC_1291,0.441,0.1721,0.6585,0.4016,1.67
2023-11-29,DOC_1292,0.3475,0.7326,0.2911,0.5384,2.16
2023-12-01,DOC_1293,-0.0315,0.2237,0.0568,0.1938,-2.24
2023-12-05,DOC_1294,0.2604,0.2176,-0.1763,0.509,7.35
2023-12-07,DOC_1295,0.1509,0.518,0.3436,0.1952,2.07
2023-12-11,DOC_1296,0.4004,0.6821,0.428,0.2894,6.6
2023-12-13,DOC_1297,-0.4981,-0.142,-0.8681,-0.5096,-4.42
2023-12-15,DOC_1298,0.2503,0.0943,-0.1618,0.3876,0.99
2023-12-19,DOC_1299,0.2814,0.2483,0.3861,0.4371,7.09
2023-12-21,DOC_1300,0.2501,0.7528,0.6118,0.1519,1.26
2023-12-25,DOC_1301,0.1364,0.0865,-0.104,-0.1831,-0.03
2023-12-27,DOC_1302,-0.0089,0.0537,-0.4666,0.0937,-2.85
2023-12-29,DOC_1303,-0.6873,-0.5232,-1.059,-0.5019,-3.24
2024-01-02,DOC_1304,-1.0,-0.5361,-1.4123,-1.2519,-5.76
2024-01-04,DOC_1305,-0.1246,-0.0864,-0.383,0.062,-5.57
2024-01-08,DOC_1306,-0.0017,0.0378,-0.1715,-0.0202,2.72
2024-01-10,DOC_1307,0.6809,0.7075,0.8644,0.794,6.43
2024-01-12,DOC_1308,-0.0863,0.661,-0.2235,-0.0562,-4.34
2024-01-16,DOC_1309,0.3425,0.6558,0.1896,0.4059,7.1
2024-01-18,DOC_1310,-0.0822,0.0188,-0.4244,0.0037,2.85
2024-01-22,DOC_1311,-0.8229,-0.748,-0.969,-1.0385,-3.82
2024-01-24,DOC_1312,-0.7289,-0.4306,-1.018,-0.7162,-3.38
2024-01-26,DOC_1313,-0.634,-0.4208,-1.0745,-0.2825,-9.05
2024-01-30,DOC_1314,-0.758,-0.4293,-1.3401,-1.0376,-1.08
2024-02-01,DOC_1315,-0.8517,-0.0233,-1.1906,-0.5363,-4.71
2024-02-05,DOC_1316,-0.7891,-0.4747,-0.9001,-0.4888,-3.25
2024-02-07,DOC_1317,0.1779,0.443,-0.0671,0.2142,6.16
2024-02-09,DOC_1318,0.4811,0.6233,0.614,0.1551,-0.08
2024-02-13,DOC_1319,0.3608,0.3325,0.2283,0.2659,-3.04
2024-02-15,DOC_1320,0.7576,1.1541,0.9433,1.1347,3.8
2024-02-19,DOC_1321,0.4033,0.6993,0.4654,0.1472,3.73
2024-02-21,DOC_1322,-0.4067,-0.2971,-0.3153,-0.3369,-3.39
2024-02-23,DOC_1323,-0.2011,0.2833,-0.4102,-0.5661,-0.57
2024-02-27,DOC_1324,0.4441,0.6261,0.3188,0.4545,1.52
2024-02-29,DOC_1325,0.2688,0.737,0.0557,0.2697,2.42
2024-03-04,DOC_1326,0.2734,0.107,0.3023,0.2417,2.82
2024-03-06,DOC_1327,-0.0715,0.2065,-0.1411,0.0529,4.41
2024-03-08,DOC_1328,0.5161,0.6612,0.2447,1.0184,3.52
2024-03-12,DOC_1329,0.2485,0.764,-0.0943,0.2288,4.31
2024-03-14,DOC_1330,0.5336,0.4096,0.5012,0.5217,6.05
2024-03-18,DOC_1331,0.1471,0.4131,-0.0784,-0.0868,-1.55
2024-03-20,DOC_1332,-0.041,-0.122,-0.2228,-0.0021,0.05
2024-03-22,DOC_1333,-0.1819,0.177,-0.5278,-0.0856,-2.75
2024-03-26,DOC_1334,-0.5053,-0.5993,-0.6913,-0.7922,-1.48
2024-03-28,DOC_1335,-0.4886,-0.4528,-0.7711,-0.0568,-5.54
2024-04-01,DOC_1336,-0.4468,0.0723,-0.616,-0.546,-3.66
2024-04-03,DOC_1337,0.2789,0.4095,0.1055,0.407,3.03
2024-04-05,DOC_1338,-0.5516,-0.3636,-0.7748,-0.5317,-1.42
2024-04-09,DOC_1339,-0.4347,-0.1353,-0.5183,-0.0686,-9.48
2024-04-11,DOC_1340,-0.2429,0.1464,-0.6381,-0.2173,-1.87
2024-04-15,DOC_1341,0.5649,0.5825,0.2408,0.4122,4.2
2024-04-17,DOC_1342,0.3892,0.5138,0.1269,0.2848,0.77
2024-04-19,DOC_1343,1.0,0.913,1.1769,0.9298,8.89
2024-04-23,DOC_1344,-0.0417,0.273,-0.149,0.038,-0.46
2024-04-25,DOC_1345,-0.1693,-0.2035,-0.4642,-0.2407,0.35
2024-04-29,DOC_1346,-0.1241,-0.2025,0.2102,0.1163,-7.59
2024-05-01,DOC_1347,-0.897,-0.6331,-1.1453,-0.7822,-4.97
2024-05-03,DOC_1348,-0.9144,-0.5484,-1.0902,-0.7851,1.96
2024-05-07,DOC_1349,0.0758,0.1243,-0.6049,0.0701,0.33
2024-05-09,DOC_1350,-0.0281,0.0339,-0.2044,0.2748,-2.15
2024-05-13,DOC_1351,0.1449,0.1875,0.1585,0.3327,0.5
2024-05-15,DOC_1352,0.1907,0.3349,0.0746,0.4894,-0.38
2024-05-17,DOC_1353,0.2783,0.3682,0.2941,0.3804,3.34
2024-05-21,DOC_1354,-0.1921,-0.0989,-0.257,-0.0193,-2.96
2024-05-23,DOC_1355,-0.5516,-0.4977,-1.0392,-0.7553,-2.5
2024-05-27,DOC_1356,-1.0,-0.3201,-1.1335,-1.1185,-8.09
2024-05-29,DOC_1357,-0.1702,-0.321,-0.2279,-0.3708,-1.24
2024-05-31,DOC_1358,0.7238,0.4676,0.678,0.7792,3.67
2024-06-04,DOC_1359,0.4934,0.4876,0.311,0.5404,6.11
2024-06-06,DOC_1360,-0.2368,0.4147,-0.668,0.1196,-2.2
2024-06-10,DOC_1361,-0.6975,-0.571,-1.2483,-0.6397,-7.33
2024-06-12,DOC_1362,-0.0288,-0.2826,-0.361,0.0323,-3.63
2024-06-14,DOC_1363,0.207,0.4738,0.01,0.1397,-3.07
2024-06-18,DOC_1364,-0.3115,-0.3778,-0.5347,-0.283,-1.14
2024-06-20,DOC_1365,-0.3714,0.0503,-0.382,-0.2689,-2.66
2024-06-24,DOC_1366,-0.5754,-0.2252,-0.7275,-0.6465,-2.89
2024-06-26,DOC_1367,-0.5885,-0.2896,-0.7054,-0.6647,0.44
2024-06-28,DOC_1368,-0.4012,-0.0284,-0.6115,-0.8292,-1.93
2024-07-02,DOC_1369,-0.7458,-0.4296,-1.0279,-0.5537,-2.54
2024-07-04,DOC_1370,-0.2536,0.168,-0.4992,-0.1809,0.92
2024-07-08,DOC_1371,0.4343,0.8993,0.3681,0.5759,0.65
2024-07-10,DOC_1372,0.1152,0.327,-0.2885,0.2906,0.58
2024-07-12,DOC_1373,-0.2365,-0.0554,-0.3671,-0.3353,1.53
2024-07-16,DOC_1374,-0.3107,0.0609,-0.4467,-0.2517,-2.32
2024-07-18,DOC_1375,-0.2785,0.0442,-0.4559,-0.7883,-3.64
2024-07-22,DOC_1376,-0.1094,-0.1935,-0.6818,-0.2704,0.06
2024-07-24,DOC_1377,1.0,1.0604,0.7194,0.8252,7.03
2024-07-26,DOC_1378,0.5925,0.8828,1.003,0.5205,1.5
2024-07-30,DOC_1379,0.947,0.8918,0.9931,0.7578,7.89
2024-08-01,DOC_1380,0.4553,0.4668,0.4284,0.4244,-0.79
2024-08-05,DOC_1381,0.2693,0.4864,-0.0253,0.01,0.54
2024-08-07,DOC_1382,-0.6461,-0.6977,-0.9655,-0.3968,-4.72
2024-08-09,DOC_1383,0.2478,0.1206,-0.1322,0.2334,0.45
2024-08-13,DOC_1384,0.8216,0.5476,1.1435,1.0403,5.31
2024-08-15,DOC_1385,0.9485,1.278,0.9419,0.7265,-0.75
2024-08-19,DOC_1386,0.6586,0.744,0.3531,0.2409,4.2
2024-08-21,DOC_1387,0.097,0.3869,-0.6216,0.0153,-4.35
2024-08-23,DOC_1388,0.2319,0.4179,0.2153,0.6317,2.67
2024-08-27,DOC_1389,0.9937,1.0203,0.9462,1.1062,4.14
2024-08-29,DOC_1390,0.6107,0.8581,0.6594,0.6015,2.0
2024-09-02,DOC_1391,1.0,1.0011,0.7556,1.077,1.12
2024-09-04,DOC_1392,0.6198,0.5962,0.401,0.4541,0.09
2024-09-06,DOC_1393,0.1725,0.0421,0.2317,0.1667,-0.85
2024-09-10,DOC_1394,0.1128,0.5609,0.1,-0.0861,2.03
2024-09-12,DOC_1395,-0.2537,-0.0957,-0.4556,0.0529,-3.01
2024-09-16,DOC_1396,0.5736,0.7605,0.5731,0.6478,-0.11
2024-09-18,DOC_1397,0.6694,1.0198,0.514,0.6677,8.14
2024-09-20,DOC_1398,0.0201,0.0716,-0.2872,0.2173,6.12
2024-09-24,DOC_1399,0.3844,0.299,0.0976,0.6176,2.3
2024-09-26,DOC_1400,0.167,0.5984,-0.1928,0.1364,0.92
2024-09-30,DOC_1401,-0.2335,-0.2121,-0.3008,0.1171,-11.1
2024-10-02,DOC_1402,-0.6466,-0.4682,-1.1073,-0.6108,-3.88
2024-10-04,DOC_1403,-0.2812,-0.1525,-0.505,-0.0217,-6.19
2024-10-08,DOC_1404,0.8979,0.8025,0.7691,0.9174,1.93
2024-10-10,DOC_1405,0.2229,0.5182,0.0274,0.3925,7.46
2024-10-14,DOC_1406,0.5258,0.2796,0.867,0.5196,3.97
2024-10-16,DOC_1407,0.7943,1.0682,0.6442,1.0609,-1.18
2024-10-18,DOC_1408,0.3648,0.3082,0.3583,-0.0257,2.9
2024-10-22,DOC_1409,0.9772,0.9597,0.935,1.1102,0.37
2024-10-24,DOC_1410,0.108,0.3859,0.0955,0.4207,-2.65
2024-10-28,DOC_1411,-0.1003,0.1974,-0.425,-0.2089,-4.33
2024-10-30,DOC_1412,-0.1842,-0.317,-0.469,-0.3356,-5.18
2024-11-01,DOC_1413,0.2673,0.79,0.1439,-0.0442,1.24
2024-11-05,DOC_1414,0.4664,0.4172,0.5008,0.59,3.18
2024-11-07,DOC_1415,0.2135,0.1405,0.0723,-0.0708,0.23
2024-11-11,DOC_1416,-0.0318,-0.0684,-0.337,0.0904,-1.19
2024-11-13,DOC_1417,-0.0812,0.7716,-0.1866,-0.2294,3.2
2024-11-15,DOC_1418,-0.2813,-0.2167,-0.5121,-0.1476,-2.92
2024-11-19,DOC_1419,-0.3723,-0.434,-0.5334,-0.2817,-1.64
2024-11-21,DOC_1420,-0.2456,0.1453,-0.1699,0.0603,-5.1
2024-11-25,DOC_1421,0.1459,0.3266,-0.1443,0.2946,-1.76
2024-11-27,DOC_1422,-0.4411,-0.313,-0.3445,-0.0872,-3.51
2024-11-29,DOC_1423,-0.3136,-0.0167,-0.7122,0.1364,0.54
2024-12-03,DOC_1424,-0.0631,0.43,-0.3891,-0.0272,-0.19
2024-12-05,DOC_1425,-0.6346,-0.3719,-0.6574,-0.5185,1.29
2024-12-09,DOC_1426,-0.5386,-0.1883,-0.3924,-0.6753,0.24
2024-12-11,DOC_1427,0.0521,0.2658,0.12,0.1019,-2.48
2024-12-13,DOC_1428,0.681,0.8035,1.0404,0.5226,1.89
2024-12-17,DOC_1429,0.2129,0.2723,0.4005,0.272,0.85
2024-12-19,DOC_1430,-0.0371,0.311,-0.2015,0.1157,5.54
2024-12-23,DOC_1431,-0.6316,-0.3749,-0.6321,-0.6377,-1.53
2024-12-25,DOC_1432,-0.7037,-0.329,-0.9639,-0.3726,-8.62
2024-12-27,DOC_1433,0.0692,0.4347,0.0225,0.2691,1.57
2024-12-31,DOC_1434,-0.0106,0.2338,-0.3529,-0.1503,0.49
2025-01-02,DOC_1435,0.0041,0.0014,-0.4671,0.0336,-5.58
2025-01-06,DOC_1436,-0.2545,-0.0535,-0.4829,-0.3603,5.95
2025-01-08,DOC_1437,-1.0,-0.3334,-1.5,-0.7054,1.23
2025-01-10,DOC_1438,-0.0581,-0.1221,-0.0356,0.0514,-0.93
2025-01-14,DOC_1439,-0.1303,0.5626,-0.3055,-0.0302,0.96
2025-01-16,DOC_1440,-0.5328,-0.5192,-0.6266,-0.3382,-3.22
2025-01-20,DOC_1441,-0.1452,-0.2671,-0.2149,-0.0509,5.36
2025-01-22,DOC_1442,-0.2861,-0.2776,-0.7699,0.3516,-4.14
2025-01-24,DOC_1443,-1.0,-0.6429,-1.0537,-1.0237,-3.08
2025-01-28,DOC_1444,-0.0194,0.0845,-0.0478,-0.0303,8.65
2025-01-30,DOC_1445,0.0351,0.3169,0.1632,-0.0666,-2.16
2025-02-03,DOC_1446,0.8008,0.5539,0.8616,0.9915,4.06
2025-02-05,DOC_1447,0.6727,0.1392,0.4529,0.9157,8.96
2025-02-07,DOC_1448,0.982,0.6557,0.8707,1.1234,6.49
2025-02-11,DOC_1449,1.0,1.0892,0.9744,0.8154,6.48
2025-02-13,DOC_1450,0.903,1.0708,0.5517,0.8088,4.38
2025-02-17,DOC_1451,-0.3416,-0.0968,-0.4857,-0.1451,-3.96
2025-02-19,DOC_1452,0.1802,0.2705,-0.1119,0.0856,2.27
2025-02-21,DOC_1453,-0.0661,0.3839,0.0995,-0.1984,-0.28
2025-02-25,DOC_1454,-0.6658,-0.268,-0.9635,-0.785,-2.17
2025-02-27,DOC_1455,-0.3133,0.0856,-0.4722,-0.1902,-5.64
2025-03-03,DOC_1456,0.6021,0.2667,0.4669,0.5697,0.4
2025-03-05,DOC_1457,0.8695,0.8864,0.6549,0.8031,5.75
2025-03-07,DOC_1458,0.0442,0.2633,-0.5331,0.2824,-1.82
2025-03-11,DOC_1459,0.4246,0.067,0.4169,0.5013,6.07
2025-03-13,DOC_1460,-0.1276,-0.0949,-0.4287,-0.3981,2.76
2025-03-17,DOC_1461,0.5855,0.7383,0.5864,0.5769,5.25
2025-03-19,DOC_1462,0.7943,0.8135,1.1308,0.5574,1.9
2025-03-21,DOC_1463,-0.0733,0.0511,-0.2272,-0.0075,2.34
2025-03-25,DOC_1464,0.4242,0.617,0.4643,0.6154,3.3
2025-03-27,DOC_1465,0.5834,0.9853,-0.0928,0.3854,6.34
2025-03-31,DOC_1466,1.0,1.254,1.1407,0.825,14.1
2025-04-02,DOC_1467,0.8847,0.9884,0.8484,1.1051,4.69
2025-04-04,DOC_1468,0.3313,0.5946,0.0566,0.5174,3.71
2025-04-08,DOC_1469,0.2671,0.4398,0.1835,0.0394,6.18
2025-04-10,DOC_1470,0.9879,1.009,0.8736,0.8149,2.36
2025-04-14,DOC_1471,-0.0091,-0.1747,-0.1173,-0.123,0.12
2025-04-16,DOC_1472,-0.1092,0.069,-0.2416,-0.0992,-5.34
2025-04-18,DOC_1473,0.0843,0.5886,-0.1543,-0.0056,-1.11
2025-04-22,DOC_1474,0.5657,0.8154,0.276,0.7978,0.08
2025-04-24,DOC_1475,0.6608,1.1186,0.7627,0.9903,1.05
2025-04-28,DOC_1476,0.3763,0.2876,0.5323,0.3111,5.52
2025-04-30,DOC_1477,-0.2954,0.1086,-0.3327,-0.4,-2.7
2025-05-02,DOC_1478,-0.1754,0.2904,-0.528,-0.1586,-2.22
2025-05-06,DOC_1479,0.0078,0.3815,0.1115,-0.2756,-2.88
2025-05-08,DOC_1480,-0.3899,-0.2196,-0.6535,-0.5631,2.22
2025-05-12,DOC_1481,-0.6726,-0.4941,-0.8227,-0.6535,-5.74
2025-05-14,DOC_1482,0.2326,0.7668,0.1078,0.6595,5.47
2025-05-16,DOC_1483,-0.2665,-0.3164,-0.2903,-0.358,-3.02
2025-05-20,DOC_1484,-0.2866,-0.1867,-0.2592,-0.1099,-2.08
2025-05-22,DOC_1485,1.0,1.2598,0.9363,0.9026,10.35
2025-05-26,DOC_1486,0.3167,0.2817,0.2731,0.306,3.29
2025-05-28,DOC_1487,0.4464,0.3078,0.1762,0.6958,0.72
2025-05-30,DOC_1488,-0.6224,-0.0594,-0.8637,-0.3564,-1.09
2025-06-03,DOC_1489,-0.007,0.0598,0.1406,-0.1354,1.54
2025-06-05,DOC_1490,0.7512,1.1728,0.447,0.7282,8.22
2025-06-09,DOC_1491,0.2358,0.0961,0.2912,0.3682,0.07
2025-06-11,DOC_1492,0.4227,0.7429,0.319,0.5309,0.2
2025-06-13,DOC_1493,0.4622,0.945,0.4348,0.6372,2.72
2025-06-17,DOC_1494,-0.4019,-0.0922,-0.6997,-0.6633,-1.18
2025-06-19,DOC_1495,-0.194,0.0921,-0.3087,-0.4518,0.35
2025-06-23,DOC_1496,-0.0014,0.165,-0.2093,0.052,-0.39
2025-06-25,DOC_1497,-0.2532,0.2633,-0.2825,0.1007,1.0
2025-06-27,DOC_1498,-0.3629,-0.1498,-0.3768,-0.259,-0.9
2025-07-01,DOC_1499,0.1071,0.2735,-0.4071,0.5114,0.02
2025-07-03,DOC_1500,0.9335,1.1733,1.1744,0.8749,7.8
2025-07-07,DOC_1501,0.9497,1.2036,0.712,0.9776,1.68
2025-07-09,DOC_1502,0.2686,0.4369,-0.3616,0.1036,3.79
2025-07-11,DOC_1503,-0.0254,0.5985,-0.1885,-0.041,8.25
2025-07-15,DOC_1504,0.2585,0.3083,0.1345,0.2682,2.65
2025-07-17,DOC_1505,0.0032,0.2941,0.0955,0.5195,-3.46
2025-07-21,DOC_1506,0.4466,0.5514,0.4149,0.3064,1.96
2025-07-23,DOC_1507,0.8799,0.886,1.0206,0.9497,7.43
2025-07-25,DOC_1508,0.5736,0.9271,0.216,0.794,0.37
2025-07-29,DOC_1509,0.2912,0.0496,0.4887,0.6924,-0.88
2025-07-31,DOC_1510,-0.2175,-0.4685,-0.2137,-0.3607,-2.01
2025-08-04,DOC_1511,-0.2884,-0.0432,-0.522,-0.2939,-0.38
2025-08-06,DOC_1512,0.2122,0.531,-0.0191,0.0408,-0.42
2025-08-08,DOC_1513,-0.0306,-0.1043,-0.0505,0.0386,-4.0
2025-08-12,DOC_1514,-0.2692,0.1512,-0.5286,0.0166,-3.73
2025-08-14,DOC_1515,-1.0,-0.5257,-1.3277,-0.6054,-5.71
2025-08-18,DOC_1516,-1.0,-0.74,-1.1046,-0.8222,-1.71
2025-08-20,DOC_1517,-0.2099,0.5067,-0.3725,-0.1451,1.67
2025-08-22,DOC_1518,-0.0488,0.3727,-0.1833,0.1281,-3.98
2025-08-26,DOC_1519,0.4047,0.4554,0.3382,0.7002,4.02
2025-08-28,DOC_1520,0.0273,0.5165,0.2988,-0.0391,3.42
2025-09-01,DOC_1521,-0.1009,-0.0019,-0.0651,-0.0513,-2.18
2025-09-03,DOC_1522,0.7172,0.7088,0.948,0.8349,6.42
2025-09-05,DOC_1523,0.5911,0.8054,0.5145,0.8475,1.24
2025-09-09,DOC_1524,1.0,0.8978,0.9936,0.8999,11.88
2025-09-11,DOC_1525,0.7583,0.696,0.6784,0.9471,9.08
2025-09-15,DOC_1526,0.6571,0.8256,0.2652,0.5435,4.97
2025-09-17,DOC_1527,0.6941,0.8271,0.6644,0.5001,3.07
2025-09-19,DOC_1528,0.5894,0.8562,0.3805,0.3667,4.87
2025-09-23,DOC_1529,0.9344,1.2023,0.9054,0.8978,1.93
2025-09-25,DOC_1530,0.8882,1.0519,0.6411,0.709,4.09
2025-09-29,DOC_1531,0.4867,0.676,0.4367,0.5534,4.78
2025-10-01,DOC_1532,-0.5553,-0.3484,-0.5976,-0.4199,-2.94
2025-10-03,DOC_1533,-0.7077,-0.7172,-0.7536,-0.8833,-0.45
2025-10-07,DOC_1534,-0.5666,-0.2264,-1.0899,-0.1715,-7.23
2025-10-09,DOC_1535,-0.1864,-0.0078,-0.0918,-0.1557,-1.76
2025-10-13,DOC_1536,-0.1289,0.2401,-0.2253,-0.5086,1.86
2025-10-15,DOC_1537,-0.1517,0.2851,-0.3944,-0.0083,1.43
2025-10-17,DOC_1538,-0.2261,-0.1753,-0.2703,-0.4217,-5.73
2025-10-21,DOC_1539,0.534,0.7984,0.2067,0.8635,2.24
2025-10-23,DOC_1540,0.2158,0.1762,0.1026,-0.0161,5.28
2025-10-27,DOC_1541,-0.0926,0.1015,-0.1192,-0.1564,-4.58
2025-10-29,DOC_1542,0.4168,0.6825,0.2394,0.509,-2.01
2025-10-31,DOC_1543,0.0954,0.3953,-0.032,0.3043,0.57
2025-11-04,DOC_1544,-0.2833,0.1829,-0.2197,-0.2418,-2.28
2025-11-06,DOC_1545,0.3549,0.5844,-0.029,0.3927,0.45
2025-11-10,DOC_1546,0.2373,0.2273,0.6302,0.1465,-0.02
2025-11-12,DOC_1547,0.0235,0.1405,-0.5445,-0.3695,0.55
2025-11-14,DOC_1548,-0.0267,0.3038,0.1844,-0.0667,-1.24
2025-11-18,DOC_1549,0.2105,0.083,0.4406,-0.0161,3.67
2025-11-20,DOC_1550,0.687,0.631,0.361,0.7589,0.0
2025-11-24,DOC_1551,-0.412,-0.4419,-0.5195,-0.6046,-3.12
2025-11-26,DOC_1552,-0.3897,0.0212,-0.6027,-0.3244,-4.68
2025-11-28,DOC_1553,-0.5045,-0.4318,-0.4662,-0.9099,-5.73
2025-12-02,DOC_1554,-0.0612,0.1557,-0.2251,-0.474,-2.1
2025-12-04,DOC_1555,0.3169,0.3839,-0.0366,0.5305,4.51
2025-12-08,DOC_1556,0.921,0.9334,0.8817,1.0412,6.26
2025-12-10,DOC_1557,0.3464,0.332,0.4553,0.4796,-1.58
2025-12-12,DOC_1558,0.1844,0.0215,0.1459,0.4238,0.4
2025-12-16,DOC_1559,-0.3573,-0.0758,-0.3911,-0.3467,-1.59
2025-12-18,DOC_1560,-0.3205,0.072,-0.4227,-0.3386,0.46
2025-12-22,DOC_1561,0.3358,0.2902,0.3063,0.483,2.03
2025-12-24,DOC_1562,-0.0314,0.4977,-0.1433,0.0075,-1.33
2025-12-26,DOC_1563,-0.3612,0.0826,-0.8283,0.108,5.21
2025-12-30,DOC_1564,0.6066,0.473,0.6915,0.9135,2.04
2026-01-01,DOC_1565,0.7213,0.6672,1.0743,0.9528,3.42
2026-01-05,DOC_1566,0.5631,0.9472,0.4134,0.5389,1.79
2026-01-07,DOC_1567,0.3628,0.9069,0.0267,0.2327,-0.18
2026-01-09,DOC_1568,0.4291,0.4423,0.2596,0.5326,1.44
2026-01-13,DOC_1569,-0.4843,-0.4906,-0.871,-0.2327,-6.68
2026-01-15,DOC_1570,-0.0982,-0.0637,-0.2106,-0.1669,0.56
2026-01-19,DOC_1571,0.7252,1.1772,0.8967,0.6421,-1.13
2026-01-21,DOC_1572,0.649,0.9195,0.821,0.6682,2.5
2026-01-23,DOC_1573,0.878,1.3367,0.7689,0.7821,7.78
2026-01-27,DOC_1574,0.674,0.7314,0.6745,0.709,2.3
2026-01-29,DOC_1575,0.0582,0.1504,-0.1192,0.0045,0.76
2026-02-02,DOC_1576,-0.4192,-0.0319,-0.7524,-0.2666,-5.82
2026-02-04,DOC_1577,-0.5085,-0.4915,-0.6587,-0.5779,-4.98
2026-02-06,DOC_1578,-0.3887,-0.2589,-0.5342,-0.2222,2.6
2026-02-10,DOC_1579,-0.2596,-0.3974,-0.4995,-0.3626,-0.71
2026-02-12,DOC_1580,0.048,0.3153,-0.0584,0.3291,3.67
2026-02-16,DOC_1581,-0.332,-0.2372,-0.8755,-0.2814,-0.53
2026-02-18,DOC_1582,-0.4096,0.1123,-1.1034,-0.7767,3.15
2026-02-20,DOC_1583,-0.1716,-0.0418,-0.5079,-0.0274,1.18
2026-02-24,DOC_1584,-0.4741,0.1829,-0.45,-0.4098,-3.31
2026-02-26,DOC_1585,-0.5508,0.0768,-0.7176,-0.6243,-2.52
2026-03-02,DOC_1586,-0.9775,-0.4423,-1.3362,-0.7385,-9.2
2026-03-04,DOC_1587,-0.3709,-0.1187,-0.5218,-0.6217,-8.72
2026-03-06,DOC_1588,-0.5776,-0.5325,-0.4681,-0.2406,-4.9
2026-03-10,DOC_1589,0.3301,0.3184,0.0875,0.0575,7.27
2026-03-12,DOC_1590,0.1129,0.3268,-0.0085,-0.1643,0.39
2026-03-16,DOC_1591,0.5582,0.5686,0.5984,0.4451,-0.66
2026-03-18,DOC_1592,0.3894,0.6497,0.0843,0.6921,4.42
2026-03-20,DOC_1593,0.227,0.68,0.1509,0.1453,-3.75
2026-03-24,DOC_1594,0.4035,0.7053,-0.0907,0.3384,0.35
2026-03-26,DOC_1595,-0.0376,0.0574,0.1057,-0.2124,5.66
2026-03-30,DOC_1596,0.3835,0.406,0.5852,0.5155,7.49
2026-04-01,DOC_1597,0.2234,-0.352,-0.115,0.102,0.46
2026-04-03,DOC_1598,0.1767,0.3375,0.1744,0.0049,-4.19
2026-04-07,DOC_1599,-0.1195,0.0755,-0.279,-0.2486,-1.67
2026-04-09,DOC_1600,0.1443,0.378,0.1934,0.3226,1.96
2026-04-13,DOC_1601,1.0,1.1898,1.1106,1.1497,8.06
2026-04-15,DOC_1602,0.4887,1.2317,0.498,0.4439,5.72
2026-04-17,DOC_1603,1.0,0.9813,0.8055,1.1758,5.17
2026-04-21,DOC_1604,0.5226,0.5828,0.0417,0.2197,0.51
2026-04-23,DOC_1605,0.5437,0.6004,0.8103,0.3821,4.09
2026-04-27,DOC_1606,0.3238,0.6505,0.3268,0.5277,-0.35
2026-04-29,DOC_1607,0.7728,0.6981,0.6516,0.6302,0.96
2026-05-01,DOC_1608,0.4698,0.072,0.5808,0.7719,1.48
2026-05-05,DOC_1609,0.4372,0.7058,0.3569,0.402,2.69
2026-05-07,DOC_1610,0.0164,0.0793,-0.2247,-0.2804,6.53
2026-05-11,DOC_1611,0.2233,0.23,0.3499,0.7702,2.35
2026-05-13,DOC_1612,0.3239,0.722,0.2793,0.424,-0.12
2026-05-15,DOC_1613,0.5375,0.5957,0.5244,0.2779,0.71
2026-05-19,DOC_1614,0.9223,1.0194,0.637,1.2207,3.74
2026-05-21,DOC_1615,0.5001,0.5684,0.6675,0.3803,3.82
2026-05-25,DOC_1616,0.4197,0.5683,0.4362,0.4351,1.44
2026-05-27,DOC_1617,0.6354,0.5326,0.7031,0.4738,-0.27
2026-05-29,DOC_1618,-0.747,-0.5339,-1.3902,-0.6159,-1.49
2026-06-02,DOC_1619,-0.5721,-0.2085,-0.8157,-0.61,-1.11
2026-06-04,DOC_1620,0.2463,0.4439,0.1233,0.2592,1.64
2026-06-08,DOC_1621,0.5843,0.4826,0.6109,0.7287,2.42
2026-06-10,DOC_1622,0.1186,0.2203,-0.1201,0.0878,4.18
2026-06-12,DOC_1623,-0.4612,-0.0966,-0.2235,-0.7761,-1.99
2026-06-16,DOC_1624,-0.4344,-0.0501,-0.6782,-0.3061,1.15
2026-06-18,DOC_1625,0.5139,0.9125,0.6642,0.4942,-1.51
2026-06-22,DOC_1626,0.1089,0.3479,-0.092,0.0632,0.42
2026-06-24,DOC_1627,-0.2481,-0.0047,-0.6024,-0.4803,-1.01
2026-06-26,DOC_1628,-0.6768,-0.211,-0.985,-0.5976,0.59
2026-06-30,DOC_1629,-0.2338,-0.1047,-0.3122,0.1714,-0.12
2026-07-02,DOC_1630,0.0699,0.3363,-0.0391,-0.1823,4.42
2026-07-06,DOC_1631,-0.3431,-0.109,-0.4271,-0.0611,-1.33
2026-07-08,DOC_1632,-0.1013,0.3546,-0.2743,-0.244,-0.59
2026-07-10,DOC_1633,-0.0717,0.4426,-0.2444,-0.2066,-4.68
2026-07-14,DOC_1634,-0.1255,-0.1388,-0.2133,0.0037,-5.01
2026-07-16,DOC_1635,-0.2362,0.032,-0.3668,-0.0036,0.87
2026-07-20,DOC_1636,0.0312,-0.0695,-0.3128,0.159,-1.04
2026-07-22,DOC_1637,-0.1493,0.1586,-0.2474,-0.254,-1.2
2026-07-24,DOC_1638,-0.1994,0.2531,-0.0782,-0.4594,6.63
2026-07-28,DOC_1639,0.2221,0.2635,0.3495,0.6837,0.91
2026-07-30,DOC_1640,0.1988,0.2682,-0.0514,0.1652,8.91
2026-08-03,DOC_1641,0.4541,0.659,0.4424,0.7631,-3.29
2026-08-05,DOC_1642,-0.893,-0.6124,-1.3684,-0.675,-1.39
2026-08-07,DOC_1643,-0.2096,0.1437,-0.568,-0.6229,0.95
2026-08-11,DOC_1644,-0.4306,-0.3397,-0.4933,-0.2472,2.4
2026-08-13,DOC_1645,-0.1234,-0.1216,-0.4553,-0.2917,-0.3
2026-08-17,DOC_1646,0.207,0.5681,0.181,0.447,-4.8
2026-08-19,DOC_1647,0.6338,1.0996,0.6884,0.5914,-0.36
2026-08-21,DOC_1648,0.449,0.601,0.535,0.2865,6.12
2026-08-25,DOC_1649,0.0844,0.2898,-0.1736,0.1205,-1.67
2026-08-27,DOC_1650,0.0586,0.4212,-0.4838,0.1108,-1.87
2026-08-31,DOC_1651,0.1847,0.2593,0.2724,0.0372,3.09
2026-09-02,DOC_1652,-0.7854,-0.0828,-1.0541,-1.0053,-2.49
2026-09-04,DOC_1653,0.3805,0.3499,-0.0057,0.3533,5.03
2026-09-08,DOC_1654,-0.1944,0.0208,-0.7849,-0.3194,-4.93
2026-09-10,DOC_1655,-0.1203,0.0541,-0.4216,-0.0029,2.05
2026-09-14,DOC_1656,0.8665,0.7295,1.3768,0.7126,2.85
2026-09-16,DOC_1657,0.9764,1.0964,1.2777,1.1156,-1.1
2026-09-18,DOC_1658,0.8072,0.6072,0.6878,1.0956,-1.55
2026-09-22,DOC_1659,0.9428,0.691,0.6997,0.7459,2.63
2026-09-24,DOC_1660,0.4825,0.6686,0.2459,0.4947,7.57
2026-09-28,DOC_1661,-0.0701,0.1384,-0.0859,0.2004,-2.91
2026-09-30,DOC_1662,0.1378,0.4812,-0.1784,-0.1168,2.36
2026-10-02,DOC_1663,-0.5104,-0.4962,-0.7014,-0.6145,2.16
2026-10-06,DOC_1664,-0.6795,-0.5814,-1.1191,-0.3953,-3.78
2026-10-08,DOC_1665,-0.5879,-0.3661,-1.0247,-0.3829,-1.16
2026-10-12,DOC_1666,0.0434,0.2372,0.1195,-0.0563,3.9
2026-10-14,DOC_1667,0.3443,0.5754,0.2868,0.251,3.57
2026-10-16,DOC_1668,0.0966,-0.0081,-0.0324,0.3002,-3.12
2026-10-20,DOC_1669,0.7354,0.5783,0.4839,0.6112,4.32
2026-10-22,DOC_1670,0.7321,0.8115,0.7801,0.7199,-1.6
2026-10-26,DOC_1671,-0.2676,-0.0853,-0.4124,-0.2159,1.59
2026-10-28,DOC_1672,-0.0563,-0.022,-0.3231,0.1037,0.11
2026-10-30,DOC_1673,-0.229,-0.2921,-0.5586,-0.3746,-2.14
2026-11-03,DOC_1674,-0.3054,0.2554,-0.181,-0.474,-0.35
2026-11-05,DOC_1675,0.8534,0.9866,1.0864,0.926,5.75
2026-11-09,DOC_1676,-0.2286,0.2094,-0.1759,-0.2768,-4.97
2026-11-11,DOC_1677,-0.3497,0.1543,-0.663,-0.494,-0.06
2026-11-13,DOC_1678,-0.3899,-0.1587,-0.7473,-0.2979,0.82
2026-11-17,DOC_1679,0.9128,0.6176,0.6348,0.768,1.63
2026-11-19,DOC_1680,0.5805,0.3851,1.028,0.9233,-0.24
2026-11-23,DOC_1681,0.3184,0.2451,0.275,0.566,-0.0
2026-11-25,DOC_1682,0.0171,0.2224,0.0371,-0.0585,-1.03
2026-11-27,DOC_1683,0.0657,0.5425,-0.3862,-0.2703,-2.09
2026-12-01,DOC_1684,0.6579,0.6877,0.81,0.4108,1.89
2026-12-03,DOC_1685,0.071,0.4117,-0.1167,0.0333,-3.17
2026-12-07,DOC_1686,0.6338,0.5754,0.5265,0.696,2.77
2026-12-09,DOC_1687,0.0474,0.2073,0.0994,0.2607,1.01
2026-12-11,DOC_1688,-0.1828,0.068,-0.2396,0.1773,-3.33
2026-12-15,DOC_1689,-0.2491,-0.1078,-0.536,-0.0388,4.47
2026-12-17,DOC_1690,-0.1609,-0.1366,-0.13,0.2155,-4.22
2026-12-21,DOC_1691,0.0911,0.1482,-0.1659,-0.0545,-0.61
2026-12-23,DOC_1692,0.2278,0.197,-0.1901,-0.0488,2.99
2026-12-25,DOC_1693,0.6212,1.1189,0.6379,0.4333,-0.79
2026-12-29,DOC_1694,0.1717,0.6196,0.3021,0.4037,-4.83
2026-12-31,DOC_1695,-0.3154,0.0317,-0.6265,0.2101,-6.46
2027-01-04,DOC_1696,0.6286,0.5551,0.474,0.6382,-0.66
2027-01-06,DOC_1697,1.0,1.1222,1.003,0.909,2.73
2027-01-08,DOC_1698,0.7204,0.9726,0.6636,0.7361,-1.42
2027-01-12,DOC_1699,1.0,1.2692,0.7766,1.1088,3.05
2027-01-14,DOC_1700,0.0714,0.3153,-0.5855,0.0169,-0.38
2027-01-18,DOC_1701,-0.4665,-0.049,-0.8247,-0.3917,-3.93
2027-01-20,DOC_1702,-0.4168,-0.197,-0.9084,-0.4653,-7.75
2027-01-22,DOC_1703,-0.8866,-0.5225,-1.3391,-0.776,-8.3
2027-01-26,DOC_1704,-0.4354,-0.4868,-0.7872,-0.1217,-1.57
2027-01-28,DOC_1705,-0.2156,0.2522,-0.4052,-0.4628,-3.54
2027-02-01,DOC_1706,-0.5148,-0.4335,-0.7593,-0.4819,-9.19
2027-02-03,DOC_1707,-0.696,-0.4283,-0.8524,-0.5649,-2.02
2027-02-05,DOC_1708,0.4437,0.6582,0.2298,0.232,0.93
2027-02-09,DOC_1709,-0.5627,-0.3697,-1.0829,-0.2281,-2.06
2027-02-11,DOC_1710,-1.0,-0.5559,-1.188,-0.6374,-11.65
2027-02-15,DOC_1711,-0.5965,-0.6995,-0.8852,-0.3909,-1.62
2027-02-17,DOC_1712,-0.0082,0.1719,-0.1044,-0.2275,-0.06
2027-02-19,DOC_1713,0.2287,0.6097,0.4143,0.1613,2.42
2027-02-23,DOC_1714,0.3582,0.459,-0.1055,0.4345,4.84
2027-02-25,DOC_1715,0.478,0.9005,0.4591,0.2585,7.2
2027-03-01,DOC_1716,-0.0265,0.1172,-0.2618,0.2745,-1.44
2027-03-03,DOC_1717,-0.0188,0.3682,-0.4969,0.0609,-6.8
2027-03-05,DOC_1718,0.3666,0.5645,0.2285,0.2543,4.49
2027-03-09,DOC_1719,0.271,0.6516,0.0111,0.3389,0.99
2027-03-11,DOC_1720,-0.8377,-0.3855,-1.2118,-0.6525,-6.16
2027-03-15,DOC_1721,-0.3226,-0.277,-0.8718,-0.518,-1.63
2027-03-17,DOC_1722,-0.2699,0.0804,-0.4848,-0.2484,2.28
2027-03-19,DOC_1723,0.3095,0.3321,0.2564,0.4925,2.63
2027-03-23,DOC_1724,0.6067,0.9002,0.6539,0.3549,6.09
2027-03-25,DOC_1725,-0.1273,0.3199,-0.3793,0.0957,-5.98
2027-03-29,DOC_1726,0.8882,0.93,0.9889,0.8229,7.95
2027-03-31,DOC_1727,0.7049,1.0857,0.5537,0.6583,3.83
2027-04-02,DOC_1728,0.3187,0.5133,0.4791,0.7162,3.43
2027-04-06,DOC_1729,0.9207,0.7539,0.8275,0.6529,3.22
2027-04-08,DOC_1730,1.0,1.1789,0.8474,0.9835,3.63
2027-04-12,DOC_1731,-0.1757,0.078,-0.4243,-0.0929,1.27
2027-04-14,DOC_1732,-0.1772,0.1684,-0.6852,-0.2212,-0.39
2027-04-16,DOC_1733,-0.1404,0.0643,-0.3925,-0.2075,0.19
2027-04-20,DOC_1734,-0.8327,-0.5326,-1.2568,-0.7644,-5.61
2027-04-22,DOC_1735,-0.4064,-0.2267,-0.5933,-0.3263,-4.9
2027-04-26,DOC_1736,-0.6323,-0.0948,-0.8751,-0.7684,-0.85
2027-04-28,DOC_1737,-1.0,-0.6777,-1.0095,-0.9623,-6.45
2027-04-30,DOC_1738,-0.1294,0.4128,-0.1728,-0.1119,0.88
2027-05-04,DOC_1739,-0.9855,-0.6951,-0.8969,-0.7902,-3.3
2027-05-06,DOC_1740,-0.7152,-0.3958,-1.0699,-0.325,-3.95
2027-05-10,DOC_1741,-0.7323,-0.345,-0.987,-0.4751,-1.75
2027-05-12,DOC_1742,-0.0836,0.3289,-0.4233,0.0746,5.95
2027-05-14,DOC_1743,0.933,1.1129,0.7038,1.0271,10.07
2027-05-18,DOC_1744,0.6753,0.7367,0.9396,0.8657,4.74
2027-05-20,DOC_1745,-0.1093,0.2771,-0.3524,-0.0038,-1.83
2027-05-24,DOC_1746,-0.1901,-0.1122,-0.304,-0.2967,-2.85
2027-05-26,DOC_1747,-0.9813,-0.5464,-1.2713,-1.4007,-2.4
2027-05-28,DOC_1748,-0.8732,-0.4728,-1.1637,-0.6185,-2.88
2027-06-01,DOC_1749,-0.226,0.0216,-0.3603,0.0212,-0.32
2027-06-03,DOC_1750,-0.3884,-0.2035,-0.4206,-0.2631,-5.08
2027-06-07,DOC_1751,-0.3471,-0.045,-0.7589,-0.0784,-4.1
2027-06-09,DOC_1752,-1.0,-0.231,-1.2871,-0.7163,-5.49
2027-06-11,DOC_1753,-0.666,-0.5687,-1.013,-0.798,-3.15
2027-06-15,DOC_1754,0.1328,0.1604,-0.0905,0.2576,5.6
2027-06-17,DOC_1755,0.0005,0.1524,-0.1515,0.2051,-1.82
2027-06-21,DOC_1756,-0.5068,-0.2363,-0.7909,-0.8285,-9.49
2027-06-23,DOC_1757,-0.1852,0.6156,-0.3333,-0.1644,7.47
2027-06-25,DOC_1758,0.1377,0.4972,-0.0277,0.0357,2.09
2027-06-29,DOC_1759,-0.5181,-0.4011,-0.7535,-0.6807,-7.47
2027-07-01,DOC_1760,-1.0,-0.5626,-1.2427,-1.1827,-0.77
2027-07-05,DOC_1761,-1.0,-0.7054,-1.3165,-0.4814,-3.85
2027-07-07,DOC_1762,-1.0,-0.633,-1.5,-0.8347,-3.38
2027-07-09,DOC_1763,0.0752,0.2715,-0.1336,0.1752,0.61
2027-07-13,DOC_1764,0.2078,0.3957,0.1799,0.0569,-3.97
2027-07-15,DOC_1765,0.1078,0.1944,0.0114,0.36,-3.29
2027-07-19,DOC_1766,-0.2188,-0.1236,-0.2745,-0.254,-1.78
2027-07-21,DOC_1767,0.0012,-0.0047,-0.2145,0.2129,-2.33
2027-07-23,DOC_1768,0.3135,0.5518,0.2116,0.1965,1.38
2027-07-27,DOC_1769,0.7188,0.5696,0.7036,0.7003,6.31
2027-07-29,DOC_1770,1.0,0.8734,1.0458,0.6757,5.55
2027-08-02,DOC_1771,0.6319,0.6493,0.6534,1.03,5.47
2027-08-04,DOC_1772,0.6266,0.3932,0.4727,0.7781,1.45
2027-08-06,DOC_1773,0.7636,0.7066,0.7758,0.5697,4.7
2027-08-10,DOC_1774,-0.0202,0.008,-0.0775,-0.1968,-3.86
2027-08-12,DOC_1775,0.1782,0.0213,0.1617,0.5061,-1.1
2027-08-16,DOC_1776,0.5141,0.7665,0.473,0.3774,6.18
2027-08-18,DOC_1777,0.05,0.1071,-0.0356,-0.1869,1.53
2027-08-20,DOC_1778,-0.3534,0.104,-0.5523,-0.3694,1.01
2027-08-24,DOC_1779,-0.5688,-0.4073,-0.9206,-0.6572,-6.66
2027-08-26,DOC_1780,-0.7074,-0.621,-1.1592,-0.6682,-2.25
2027-08-30,DOC_1781,-0.1555,0.1399,-0.1899,0.0531,0.07
2027-09-01,DOC_1782,0.7561,1.2894,0.858,0.9184,5.08
2027-09-03,DOC_1783,0.3792,0.7724,0.4911,0.8248,-0.12
2027-09-07,DOC_1784,-0.3019,-0.344,-0.2246,-0.4574,-1.35
2027-09-09,DOC_1785,-0.3793,-0.3278,-0.4641,-0.6183,-3.14
2027-09-13,DOC_1786,0.058,0.6494,-0.2523,-0.1034,-0.37
2027-09-15,DOC_1787,-0.0572,-0.0577,-0.0811,-0.1011,-0.01
2027-09-17,DOC_1788,0.3159,0.4193,-0.1035,0.1488,2.58
2027-09-21,DOC_1789,1.0,1.2162,1.2777,1.0335,5.76
2027-09-23,DOC_1790,0.6106,0.7286,0.3027,0.5236,-0.59
2027-09-27,DOC_1791,-0.3231,-0.2169,-0.6258,-0.4114,0.94
2027-09-29,DOC_1792,-0.2207,-0.2089,-0.4133,-0.3872,-1.22
2027-10-01,DOC_1793,-0.4727,-0.111,-0.5882,0.1293,-7.93
2027-10-05,DOC_1794,-0.559,-0.5525,-0.6821,-0.3903,-0.21
2027-10-07,DOC_1795,-0.0656,-0.0673,-0.2673,0.197,3.06
2027-10-11,DOC_1796,0.5371,0.6338,0.6849,0.6353,7.38
2027-10-13,DOC_1797,-0.0237,0.2676,0.0732,0.2601,4.52
2027-10-15,DOC_1798,-0.5363,-0.4185,-0.8807,-0.2675,2.66
2027-10-19,DOC_1799,0.2234,0.1566,-0.0868,0.0725,-5.33
2027-10-21,DOC_1800,1.0,0.9368,0.8662,1.0768,9.19
2027-10-25,DOC_1801,0.5122,0.9511,0.6567,0.5374,-0.8
2027-10-27,DOC_1802,0.8339,0.8501,0.7274,1.2746,5.2
2027-10-29,DOC_1803,0.4889,0.4035,0.3394,0.332,2.75
2027-11-02,DOC_1804,-0.1634,-0.2101,-0.086,-0.0024,-1.28
2027-11-04,DOC_1805,-0.5857,-0.2107,-0.5803,-0.2097,-3.32
2027-11-08,DOC_1806,-0.5281,-0.2074,-0.841,-0.3573,-4.45
2027-11-10,DOC_1807,-0.4061,-0.2216,-0.6672,-0.2821,-2.78
2027-11-12,DOC_1808,-0.7961,-0.3714,-1.3808,-0.8505,-10.74
2027-11-16,DOC_1809,-0.2178,-0.0738,-0.5419,-0.1864,-3.28
2027-11-18,DOC_1810,-0.1397,-0.0816,-0.2922,0.0819,2.06
2027-11-22,DOC_1811,0.2964,0.0252,-0.1773,0.9539,1.69
2027-11-24,DOC_1812,-0.0031,0.2825,0.0216,0.2008,-2.73
2027-11-26,DOC_1813,-0.3965,-0.098,-0.6757,-0.2117,3.14
2027-11-30,DOC_1814,-0.5656,-0.4734,-0.9559,-0.2601,-6.48
2027-12-02,DOC_1815,0.1744,0.1795,0.0454,0.1604,-1.02
2027-12-06,DOC_1816,0.5425,0.3903,0.3204,1.0456,-1.04
2027-12-08,DOC_1817,1.0,1.0504,0.8475,0.9855,2.3
2027-12-10,DOC_1818,-0.1273,0.0048,-0.3796,0.15,-2.08
2027-12-14,DOC_1819,-0.0498,-0.2058,0.1607,-0.1238,1.29
2027-12-16,DOC_1820,0.4473,0.6068,0.0848,0.3938,0.28
2027-12-20,DOC_1821,0.1504,0.5903,-0.2351,0.1358,1.81
2027-12-22,DOC_1822,-0.2277,-0.2896,-0.126,-0.2189,1.56
2027-12-24,DOC_1823,-0.3754,-0.2994,-0.7377,-0.261,-5.83
2027-12-28,DOC_1824,-0.327,0.046,-0.831,-0.3066,0.73
2027-12-30,DOC_1825,-1.0,-0.6264,-1.0809,-0.8097,-3.14
2028-01-03,DOC_1826,0.2915,0.5985,-0.1486,0.1849,8.48
2028-01-05,DOC_1827,-0.2252,0.283,-0.5441,0.001,-2.65
2028-01-07,DOC_1828,-0.1822,-0.0221,-0.1462,0.0429,-4.61
2028-01-11,DOC_1829,0.7126,0.7555,0.5299,0.4194,6.75
2028-01-13,DOC_1830,-0.029,0.1679,-0.0912,-0.108,0.26
2028-01-17,DOC_1831,-0.0757,-0.0129,-0.1676,-0.2429,-2.6
2028-01-19,DOC_1832,0.3425,0.0727,0.4342,0.1776,-0.86
2028-01-21,DOC_1833,0.2123,0.2086,0.1446,0.0453,-1.74
2028-01-25,DOC_1834,0.105,0.3539,-0.0148,0.056,-0.76
2028-01-27,DOC_1835,0.2978,0.4061,0.461,-0.1132,0.88
2028-01-31,DOC_1836,0.7857,0.4693,0.5868,0.6772,5.32
2028-02-02,DOC_1837,0.6536,0.6842,0.4998,0.6382,2.73
2028-02-04,DOC_1838,0.6292,0.5883,0.3779,0.5882,3.58
2028-02-08,DOC_1839,0.0094,0.5006,-0.3012,0.1529,-1.25
2028-02-10,DOC_1840,0.0834,0.2868,-0.0245,-0.3087,-2.34
2028-02-14,DOC_1841,0.2703,0.4749,-0.1693,0.5525,-2.25
2028-02-16,DOC_1842,0.1983,0.6868,-0.0083,0.2257,-0.83
2028-02-18,DOC_1843,-0.024,0.0524,-0.0781,-0.0923,-1.81
2028-02-22,DOC_1844,-0.2533,-0.1803,-0.5706,0.0911,1.89
2028-02-24,DOC_1845,-0.229,0.244,-0.3909,-0.0244,-3.61
2028-02-28,DOC_1846,-0.0475,0.2366,0.0034,0.2272,-4.91
2028-03-01,DOC_1847,0.5705,0.7667,0.7569,0.4627,4.29
2028-03-03,DOC_1848,1.0,0.8099,0.8472,0.513,3.09
2028-03-07,DOC_1849,0.8021,0.7999,0.9166,0.7985,7.9
2028-03-09,DOC_1850,1.0,0.6919,1.0217,0.9127,4.26
2028-03-13,DOC_1851,0.537,0.9989,0.392,0.4352,5.3
2028-03-15,DOC_1852,0.443,0.6718,0.2831,0.5192,0.08
2028-03-17,DOC_1853,-0.369,0.2834,-0.794,-0.0841,-1.3
2028-03-21,DOC_1854,-0.2944,-0.3524,-0.2038,-0.0091,3.3
2028-03-23,DOC_1855,-0.1867,-0.093,-0.2029,0.0989,-1.11
2028-03-27,DOC_1856,-0.1649,0.3382,-0.3996,0.0281,2.12
2028-03-29,DOC_1857,-0.3002,-0.0693,-0.6448,-0.5957,2.35
2028-03-31,DOC_1858,-0.1423,0.3053,-0.096,-0.2754,-3.09
2028-04-04,DOC_1859,-0.0492,0.4397,-0.1517,-0.0118,-0.8
2028-04-06,DOC_1860,0.0911,0.3901,-0.0084,0.1663,3.2
2028-04-10,DOC_1861,-0.3375,-0.3912,-0.6711,-0.4655,-3.32
2028-04-12,DOC_1862,0.6156,0.5118,0.6574,0.169,-1.53
2028-04-14,DOC_1863,0.7004,0.7083,0.793,0.4106,7.32
2028-04-18,DOC_1864,-0.1329,0.3103,-0.1462,-0.2897,2.55
2028-04-20,DOC_1865,0.1151,0.4315,-0.0633,0.0995,-1.67
2028-04-24,DOC_1866,-0.6964,-0.4105,-0.9382,-0.6836,-5.82
2028-04-26,DOC_1867,0.2386,0.6722,0.1513,0.1135,-1.34
2028-04-28,DOC_1868,0.6052,1.1442,0.5595,0.6882,8.29
2028-05-02,DOC_1869,0.6684,0.9489,0.668,0.7338,2.68
2028-05-04,DOC_1870,-0.088,-0.0762,-0.2403,-0.0302,-3.6
2028-05-08,DOC_1871,-0.4643,-0.3365,-0.5484,-0.3172,0.37
2028-05-10,DOC_1872,-0.3624,-0.3671,-0.548,-0.3367,-3.39
2028-05-12,DOC_1873,1.0,1.2519,0.786,1.2386,1.75
2028-05-16,DOC_1874,0.8815,1.1983,1.0397,0.8313,2.09
2028-05-18,DOC_1875,0.2933,0.3818,0.3012,0.1334,2.41
2028-05-22,DOC_1876,0.6868,0.5658,0.7599,0.8121,4.25
2028-05-24,DOC_1877,0.6674,0.6414,0.7123,0.7258,7.05
2028-05-26,DOC_1878,0.4573,0.3382,0.1687,0.3927,-2.63
2028-05-30,DOC_1879,0.5501,0.8122,0.3911,0.9828,0.9
2028-06-01,DOC_1880,0.3165,0.6594,0.2397,0.2468,-2.73
2028-06-05,DOC_1881,-0.2599,0.2077,-0.3091,-0.0296,-3.53
2028-06-07,DOC_1882,-0.316,-0.3165,-0.5818,-0.0233,-1.54
2028-06-09,DOC_1883,-0.6562,-0.4895,-0.9903,-0.6413,-0.63
2028-06-13,DOC_1884,-0.5849,-0.4543,-1.4735,-0.7874,-2.62
2028-06-15,DOC_1885,-0.1202,0.333,-0.5212,0.1237,-1.54
2028-06-19,DOC_1886,-0.2852,-0.1867,-0.3682,-0.0629,-1.55
2028-06-21,DOC_1887,-0.2619,-0.0699,-0.5737,-0.3673,2.09
2028-06-23,DOC_1888,0.0009,-0.2881,-0.2315,0.2945,-8.21
2028-06-27,DOC_1889,-0.5412,-0.4065,-0.8922,0.1785,-2.9
2028-06-29,DOC_1890,-0.6781,-0.3329,-0.8731,-0.3955,-7.29
2028-07-03,DOC_1891,0.118,0.2993,-0.3661,0.3253,-0.7
2028-07-05,DOC_1892,-0.2236,-0.0971,-0.1843,-0.4022,-1.86
2028-07-07,DOC_1893,-0.5321,-0.0162,-0.8716,-0.6046,0.05
2028-07-11,DOC_1894,-0.7077,-0.2031,-1.0385,-0.6178,-6.49
2028-07-13,DOC_1895,-0.6266,-0.28,-0.9286,-0.4502,-2.1
2028-07-17,DOC_1896,0.1347,0.2523,0.0027,-0.0748,0.65
2028-07-19,DOC_1897,0.6997,0.7746,0.3475,0.7861,1.55
2028-07-21,DOC_1898,1.0,1.1107,0.7527,1.0457,3.16
2028-07-25,DOC_1899,1.0,0.9743,1.4007,0.9996,3.16
2028-07-27,DOC_1900,0.4471,0.3959,0.3964,0.3826,-3.45
2028-07-31,DOC_1901,0.4872,0.5225,0.2592,0.5531,1.08
2028-08-02,DOC_1902,0.5154,0.7291,0.6502,0.8534,-0.15
2028-08-04,DOC_1903,0.1104,0.2465,0.0284,-0.1105,-0.65
2028-08-08,DOC_1904,-0.3781,-0.1026,-0.3267,-0.5072,-6.29
2028-08-10,DOC_1905,-0.4578,-0.1413,-0.6673,-0.4175,-2.46
2028-08-14,DOC_1906,-0.0298,-0.0211,-0.0131,0.3511,-0.0
2028-08-16,DOC_1907,0.1245,0.404,0.0406,0.288,-5.35
2028-08-18,DOC_1908,-0.3159,-0.1889,-0.3797,-0.3123,-6.19
2028-08-22,DOC_1909,0.0159,0.2937,-0.0846,0.0434,4.19
2028-08-24,DOC_1910,-0.1562,-0.009,-0.5168,0.3067,-8.72
2028-08-28,DOC_1911,-0.376,-0.0292,-0.366,-0.47,-3.36
2028-08-30,DOC_1912,0.2803,0.2822,0.2212,0.4827,1.0
2028-09-01,DOC_1913,0.4467,0.7775,0.5345,0.4203,-0.75
2028-09-05,DOC_1914,0.1421,0.2929,0.1337,0.361,5.09
2028-09-07,DOC_1915,-0.4047,0.1074,-0.7997,-0.2089,-4.0
2028-09-11,DOC_1916,-0.1833,0.0854,-0.3081,-0.3253,-0.03
2028-09-13,DOC_1917,-0.5522,-0.2854,-0.6721,-0.0025,-3.9
2028-09-15,DOC_1918,-0.4602,-0.3733,-0.8758,-0.1263,-3.52
2028-09-19,DOC_1919,-0.4424,-0.1804,-0.7976,-0.7475,-2.05
2028-09-21,DOC_1920,0.0453,0.4854,-0.0953,0.1028,-3.54
2028-09-25,DOC_1921,0.6534,0.7749,0.7814,0.6039,5.65
2028-09-27,DOC_1922,-0.0947,0.1849,-0.3472,-0.3274,0.99
2028-09-29,DOC_1923,0.441,0.6956,0.1789,0.4429,4.16
2028-10-03,DOC_1924,0.8375,1.2381,0.7052,1.217,-0.79
2028-10-05,DOC_1925,0.2712,0.5492,-0.0177,0.145,-0.69
2028-10-09,DOC_1926,0.244,0.4614,0.4634,0.2747,5.39
2028-10-11,DOC_1927,0.6403,0.7977,0.5682,0.32,4.0
2028-10-13,DOC_1928,0.7302,0.9007,1.0001,0.8766,1.36
2028-10-17,DOC_1929,0.5736,0.5899,0.2441,0.7552,3.89
2028-10-19,DOC_1930,0.6855,0.5824,0.6602,0.5555,-3.01
2028-10-23,DOC_1931,0.3903,0.2804,0.3216,0.6666,2.63
2028-10-25,DOC_1932,-0.5588,-0.3108,-0.5462,-0.4906,-0.51
2028-10-27,DOC_1933,-0.5383,-0.2301,-0.6049,-0.4379,-3.15
2028-10-31,DOC_1934,-0.3163,0.0175,-0.6996,-0.4101,-1.11
2028-11-02,DOC_1935,-0.2168,-0.2438,-0.6301,-0.1904,0.45
2028-11-06,DOC_1936,-0.1888,0.3344,-0.4573,-0.2727,-2.65
2028-11-08,DOC_1937,-0.6079,-0.5113,-0.7104,-0.1762,-8.23
2028-11-10,DOC_1938,-1.0,-0.9824,-1.1471,-0.6645,-0.4
2028-11-14,DOC_1939,-0.7137,-0.9329,-1.2325,-0.7202,2.21
2028-11-16,DOC_1940,-0.6818,-0.7354,-1.2714,-0.9865,-3.09
2028-11-20,DOC_1941,-0.4619,-0.3787,-0.6535,-0.1427,-2.14
2028-11-22,DOC_1942,0.2772,0.5241,-0.105,0.4263,3.07
2028-11-24,DOC_1943,1.0,0.96,1.2056,0.9583,3.69
2028-11-28,DOC_1944,0.75,0.8571,1.0569,1.1506,-0.09
2028-11-30,DOC_1945,0.5483,0.7787,0.2933,0.3641,0.49
2028-12-04,DOC_1946,-0.101,-0.5434,-0.4009,-0.2697,-1.45
2028-12-06,DOC_1947,0.3968,1.1511,0.1623,0.1175,4.38
2028-12-08,DOC_1948,0.4263,0.6451,0.4479,0.4981,5.25
2028-12-12,DOC_1949,-0.073,0.1515,-0.3506,-0.4036,-4.0
2028-12-14,DOC_1950,0.6292,0.6414,1.2242,0.8717,5.32
2028-12-18,DOC_1951,0.5217,0.6224,0.6232,0.5493,5.66
2028-12-20,DOC_1952,0.6271,0.8521,0.5739,0.6036,8.28
2028-12-22,DOC_1953,0.6828,0.7439,0.3783,0.5647,5.64
2028-12-26,DOC_1954,0.138,0.4268,0.2402,-0.3933,-1.54
2028-12-28,DOC_1955,0.0335,0.2867,0.1107,-0.0985,-0.42
2029-01-01,DOC_1956,-0.028,0.3159,-0.2389,0.0926,6.92
2029-01-03,DOC_1957,0.5273,0.4386,0.3535,0.5396,3.58
2029-01-05,DOC_1958,0.4966,0.4824,0.6964,0.5669,8.01
2029-01-09,DOC_1959,0.4966,0.4955,0.2904,0.3265,-4.38
2029-01-11,DOC_1960,0.2714,0.4319,0.0915,0.2379,-0.43
2029-01-15,DOC_1961,0.1359,0.2776,-0.0296,-0.1173,2.24
2029-01-17,DOC_1962,-0.7526,-0.3924,-0.6473,-0.3461,-3.52
2029-01-19,DOC_1963,-0.6441,-0.6793,-0.4182,-0.5703,-0.97
2029-01-23,DOC_1964,-0.5394,-0.2842,-1.107,-0.0745,-2.28
2029-01-25,DOC_1965,0.0534,0.3751,-0.2506,0.0715,-3.57
2029-01-29,DOC_1966,-0.508,-0.5412,-0.8989,-0.4941,-2.89
2029-01-31,DOC_1967,-0.0399,0.3554,-0.3105,-0.2651,4.08
2029-02-02,DOC_1968,0.1617,0.106,0.3581,0.2646,-0.53
2029-02-06,DOC_1969,0.3152,0.3008,0.4874,0.2536,-6.64
2029-02-08,DOC_1970,0.7467,1.1427,0.7915,0.3583,0.55
2029-02-12,DOC_1971,0.8661,0.9721,0.9533,0.3899,5.78
2029-02-14,DOC_1972,0.5885,0.8357,0.6985,0.5921,0.17
2029-02-16,DOC_1973,-0.7317,-0.3425,-1.2337,-0.3341,-1.22
2029-02-20,DOC_1974,-0.064,0.1592,-0.1993,-0.0053,4.33
2029-02-22,DOC_1975,-0.9804,-0.6771,-1.5,-1.0516,-4.49
2029-02-26,DOC_1976,-1.0,-0.439,-1.214,-0.7823,-1.68
2029-02-28,DOC_1977,-0.801,-0.7765,-0.8957,-0.6697,-4.9
2029-03-02,DOC_1978,0.1216,0.3254,0.0627,0.3394,0.48
2029-03-06,DOC_1979,-0.3433,-0.1321,-0.4314,-0.3726,1.0
2029-03-08,DOC_1980,-0.1628,-0.1002,-0.1989,-0.2973,-8.93
2029-03-12,DOC_1981,-0.3974,-0.2416,-0.3601,-0.2491,-0.39
2029-03-14,DOC_1982,0.3728,0.5823,0.5128,0.1482,2.61
2029-03-16,DOC_1983,0.5688,0.7727,0.6852,0.552,3.33
2029-03-20,DOC_1984,-0.6306,-0.5134,-0.9396,-0.2007,-2.68
2029-03-22,DOC_1985,-0.4012,-0.0158,-0.6523,0.1203,0.27
2029-03-26,DOC_1986,-0.2773,0.0559,-0.4134,-0.1383,-5.58
2029-03-28,DOC_1987,-1.0,-0.7853,-1.4197,-0.6341,-7.35
2029-03-30,DOC_1988,-1.0,-0.5322,-1.3428,-0.623,-0.99
2029-04-03,DOC_1989,-1.0,-0.557,-0.9516,-0.8087,-2.21
2029-04-05,DOC_1990,-0.4698,-0.175,-0.8438,-0.2886,-6.39
2029-04-09,DOC_1991,0.3921,0.511,0.4147,0.4899,0.79
2029-04-11,DOC_1992,-0.4731,-0.2788,-0.9561,-0.4532,2.44
2029-04-13,DOC_1993,-0.2591,0.0293,-0.5713,-0.1169,-1.94
2029-04-17,DOC_1994,-0.7226,-0.6065,-0.8723,-0.701,-0.66
2029-04-19,DOC_1995,0.5549,0.8584,0.5473,0.5477,1.44
2029-04-23,DOC_1996,0.8113,1.0213,0.7362,0.7374,3.03
2029-04-25,DOC_1997,0.1656,0.5129,0.0648,0.3607,3.13
2029-04-27,DOC_1998,-0.2134,-0.0388,-0.3318,-0.1552,-0.08
2029-05-01,DOC_1999,0.3202,0.7727,0.2727,0.2505,-0.78
